,MPD01,MPD02,MPD03,MPD04,MPD05,MPD06,MPD07,MPD08,MPD09,MPD10,MPD11,MPD12,MPD14,MPD15,MPD16
1685,0.696006462,NA,NA,NA,NA,NA,NA,NA,NA,NA,NA,NA,NA,1.663217914,NA
1686,0.689756724,NA,NA,NA,NA,NA,NA,NA,NA,NA,NA,NA,NA,0.564485345,NA
1687,1.094969524,NA,NA,NA,NA,NA,NA,NA,NA,NA,NA,NA,NA,0.569845249,NA
1688,0.844023379,NA,NA,NA,NA,0.547111561,NA,NA,NA,NA,NA,NA,NA,0.504865971,NA
1689,1.154713499,NA,NA,NA,NA,0.812884447,NA,NA,NA,NA,NA,NA,NA,0.480865002,NA
1690,0.695499383,NA,NA,NA,NA,0.264212095,NA,NA,NA,NA,NA,NA,NA,0.327860922,NA
1691,0.805370883,NA,NA,NA,NA,0.481572404,NA,NA,NA,NA,NA,NA,NA,0.488186198,NA
1692,0.754962357,NA,NA,NA,NA,0.467610007,NA,NA,NA,NA,NA,NA,NA,0.6070331,NA
1693,1.128589033,NA,NA,NA,NA,1.0078224,NA,NA,NA,NA,NA,NA,NA,1.119464674,NA
1694,1.013564613,NA,NA,NA,NA,1.072939323,NA,NA,NA,NA,NA,NA,NA,0.759924897,NA
1695,0.689210005,NA,NA,NA,NA,0.187000285,NA,NA,NA,NA,NA,NA,NA,0.058716174,NA
1696,0.94782358,NA,NA,NA,NA,1.411399496,NA,NA,NA,NA,NA,NA,NA,0.854541676,NA
1697,1.111121867,NA,NA,NA,NA,1.455190762,NA,NA,NA,NA,NA,NA,NA,1.270831425,NA
1698,1.06154829,NA,NA,NA,NA,1.361264664,NA,NA,NA,NA,NA,NA,NA,1.081123191,NA
1699,1.005106131,NA,NA,NA,NA,0.908338808,NA,NA,NA,NA,NA,NA,NA,1.646334813,NA
1700,1.22563956,NA,NA,NA,NA,1.698726344,NA,NA,NA,NA,NA,NA,NA,1.276489626,NA
1701,1.027573648,NA,NA,NA,NA,1.197979583,NA,NA,NA,NA,NA,NA,NA,1.172596337,NA
1702,1.312668692,NA,NA,NA,NA,1.88869151,NA,NA,NA,NA,NA,NA,NA,1.705679877,NA
1703,1.33447233,NA,NA,NA,NA,1.553806022,NA,NA,NA,NA,NA,NA,NA,1.67350707,NA
1704,1.647873728,NA,NA,NA,NA,2.335254505,NA,NA,NA,NA,NA,NA,NA,1.536721725,NA
1705,1.217964474,NA,NA,NA,NA,1.161265708,NA,NA,NA,NA,NA,NA,NA,0.928041069,NA
1706,1.046494819,NA,NA,NA,NA,1.127333458,NA,NA,NA,NA,NA,NA,NA,0.278794033,NA
1707,1.165093207,NA,NA,NA,NA,0.593674919,NA,NA,NA,NA,NA,NA,NA,0.306675448,NA
1708,1.124124859,NA,NA,NA,NA,1.172965553,NA,NA,NA,NA,NA,NA,NA,0.479207418,NA
1709,0.976184444,NA,NA,NA,NA,1.168330235,NA,NA,NA,NA,NA,NA,NA,0.432812546,NA
1710,1.267586604,NA,NA,NA,NA,1.173779294,NA,NA,NA,NA,NA,NA,NA,0.329380912,NA
1711,1.27811452,NA,NA,NA,NA,1.338395043,NA,NA,NA,NA,NA,NA,NA,0.482917819,NA
1712,1.411527167,NA,NA,NA,NA,1.347147463,NA,NA,NA,NA,1.107744216,NA,NA,0.67562337,NA
1713,1.228959173,NA,NA,NA,NA,0.887350986,NA,NA,NA,NA,1.239966192,NA,NA,0.34844605,NA
1714,1.098750829,NA,NA,NA,NA,1.138754435,NA,NA,NA,NA,1.004238189,NA,NA,0.551659715,NA
1715,0.930701729,NA,NA,NA,NA,0.788395063,NA,NA,NA,NA,1.150956463,NA,NA,0.681875482,NA
1716,0.917966532,NA,NA,NA,NA,1.366814411,NA,NA,NA,NA,1.363933493,NA,NA,0.997300032,NA
1717,0.938420908,NA,NA,NA,NA,1.009156366,NA,NA,NA,NA,0.877045545,NA,NA,0.865227517,NA
1718,0.962996443,NA,NA,NA,NA,0.352976146,NA,NA,NA,NA,0.844951781,NA,NA,0.67019643,NA
1719,0.961379981,NA,NA,NA,NA,0.706616628,NA,NA,NA,NA,0.798218586,NA,NA,0.609488121,NA
1720,0.593733348,NA,NA,NA,NA,0.524763299,NA,NA,NA,NA,0.655902753,NA,NA,0.396565005,NA
1721,0.69700187,NA,NA,NA,NA,0.475832586,NA,NA,NA,NA,0.573156967,NA,NA,0.239702382,NA
1722,0.740943627,NA,NA,NA,NA,0.566850962,NA,NA,NA,NA,1.516551227,NA,NA,0.709045018,NA
1723,0.818803349,NA,NA,NA,NA,0.901429669,NA,NA,NA,NA,1.468150587,NA,NA,1.410351013,NA
1724,0.997808009,NA,NA,NA,NA,1.101125459,NA,NA,NA,NA,1.354424353,NA,NA,2.442289779,NA
1725,0.97505633,NA,NA,NA,NA,0.635279094,NA,NA,NA,NA,0.805764006,NA,NA,2.038333259,NA
1726,0.839858894,NA,NA,NA,NA,0.723004499,NA,NA,NA,NA,0.564407638,NA,NA,1.903992876,NA
1727,0.963013714,NA,NA,NA,NA,0.826773047,NA,NA,NA,NA,0.966456571,NA,NA,0.776510176,NA
1728,0.950035592,NA,NA,NA,NA,0.723729132,NA,NA,NA,NA,0.821265855,NA,NA,0.834402041,1.48182979
1729,0.876799891,NA,NA,NA,NA,0.777525969,NA,NA,NA,NA,0.757278017,NA,NA,0.969608141,0.967200986
1730,1.012192112,NA,NA,NA,NA,0.58734974,NA,NA,NA,NA,0.976003994,NA,NA,0.778599191,1.081559821
1731,1.061754487,NA,NA,NA,NA,0.640322394,NA,NA,NA,NA,0.766039793,NA,NA,1.437758298,0.89179611
1732,1.099980365,NA,NA,NA,NA,1.078311293,NA,NA,NA,NA,1.268945324,NA,NA,1.256491875,1.37766223
1733,1.011996727,NA,NA,NA,NA,0.925733437,NA,NA,NA,NA,1.025351233,NA,NA,1.208262037,1.175997119
1734,0.779591201,NA,NA,NA,NA,0.589978777,NA,NA,NA,NA,0.741587876,NA,NA,0.950174546,0.831801273
1735,0.809603462,NA,NA,NA,NA,0.5415705,NA,NA,NA,NA,0.781794481,NA,NA,1.063502342,0.798934964
1736,0.688214151,NA,NA,NA,NA,0.828785265,NA,NA,NA,NA,0.71305013,NA,NA,0.360482948,0.289200059
1737,1.032811531,NA,NA,NA,NA,1.613313507,NA,NA,NA,NA,1.149751238,NA,NA,0.905708182,0.529898208
1738,1.363767294,NA,NA,NA,NA,1.806968847,NA,NA,NA,NA,1.211719167,NA,NA,2.162352452,1.170176119
1739,0.927944239,NA,NA,NA,NA,0.914065429,NA,NA,NA,NA,0.874437408,NA,NA,1.481414827,0.812883793
1740,1.154535225,NA,NA,NA,NA,1.648127875,NA,NA,NA,NA,0.853442968,NA,NA,1.740113173,1.098647122
1741,0.761535348,NA,NA,NA,NA,1.005807797,NA,NA,NA,NA,0.562260736,NA,NA,1.711341653,0.629655843
1742,0.817136924,NA,NA,NA,NA,0.480045941,NA,NA,NA,NA,0.804594824,NA,NA,1.519837776,0.718716681
1743,0.909058222,NA,NA,NA,NA,0.763213134,NA,NA,NA,NA,1.094795535,NA,NA,1.884533422,0.888929524
1744,0.696817851,NA,NA,NA,NA,0.616211508,NA,NA,NA,NA,0.67383518,NA,NA,1.535287915,0.87075454
1745,0.882306554,NA,NA,NA,NA,1.177628836,NA,NA,NA,NA,0.856594293,NA,NA,0.419490055,1.010165758
1746,1.017554256,NA,NA,NA,NA,0.374513305,NA,NA,NA,NA,0.970856213,NA,NA,0.479776819,0.677613899
1747,1.372273642,NA,NA,NA,NA,0.977097654,NA,NA,NA,NA,1.224803072,NA,NA,0.757950061,1.66587661
1748,1.063075973,NA,NA,NA,NA,1.248718654,NA,NA,NA,NA,1.117296192,NA,NA,0.777269024,1.189303783
1749,1.126746998,NA,NA,NA,NA,0.628340201,NA,NA,NA,NA,1.309982599,NA,NA,0.805000613,1.196298864
1750,1.182921337,NA,NA,NA,NA,1.344601864,NA,NA,NA,NA,2.343011149,NA,NA,1.442716776,1.904710426
1751,1.040670141,NA,NA,NA,NA,1.640482989,NA,NA,NA,NA,1.488548563,NA,NA,1.243570187,1.350013051
1752,1.658009724,NA,NA,NA,NA,1.568087116,NA,NA,NA,NA,1.634607995,NA,NA,1.412195861,1.742552086
1753,1.062063811,NA,NA,NA,NA,1.323961998,NA,NA,NA,NA,1.209080607,NA,NA,1.062620082,0.985754705
1754,1.119041667,NA,NA,NA,NA,1.127244076,NA,NA,NA,NA,1.343428033,NA,NA,0.449148636,1.214763468
1755,1.116201083,NA,NA,NA,NA,1.357297593,NA,NA,NA,NA,1.297931536,NA,NA,0.561360276,1.372786804
1756,0.697495542,NA,NA,NA,NA,1.018478145,NA,NA,NA,NA,0.547376395,NA,NA,0.356100266,0.601438085
1757,0.60629077,NA,NA,NA,NA,0.329144504,NA,NA,NA,NA,0.331051815,NA,NA,0.319141416,0.608899923
1758,0.790565739,NA,NA,NA,NA,0.463407706,NA,NA,NA,NA,0.438649243,NA,NA,0.274845085,1.158009675
1759,0.650127194,NA,NA,NA,NA,0.462866187,NA,NA,NA,NA,0.409398055,NA,NA,0.574791942,0.735049545
1760,0.810893306,NA,NA,NA,NA,0.50503823,NA,NA,NA,NA,0.557954287,NA,NA,0.417742932,0.806062289
1761,0.90415819,NA,NA,NA,NA,0.928218623,NA,NA,NA,NA,1.012103579,NA,NA,1.019192056,1.404561918
1762,1.207896739,NA,NA,NA,NA,1.439199548,NA,NA,NA,NA,1.835125911,NA,NA,1.443456296,1.591113395
1763,1.272804628,NA,NA,NA,NA,1.235118667,NA,NA,NA,NA,1.416927696,NA,NA,1.568192704,1.552153408
1764,1.040978657,NA,NA,NA,NA,0.878186361,NA,NA,NA,NA,1.043847174,NA,NA,1.091181575,0.820638561
1765,1.496433609,NA,NA,NA,NA,1.118173808,NA,NA,NA,NA,1.389984711,NA,NA,1.142691076,1.049361157
1766,1.537711373,NA,NA,NA,NA,1.362270616,NA,NA,NA,NA,1.429492744,NA,NA,1.192440016,1.087903954
1767,1.519903911,NA,NA,NA,NA,1.475516084,NA,NA,NA,NA,1.353702079,NA,NA,0.989494847,1.310016353
1768,1.018807327,NA,NA,NA,NA,1.044866153,NA,NA,NA,NA,0.771271603,NA,NA,0.919111681,0.868208533
1769,0.815264402,NA,NA,NA,NA,0.387219775,NA,NA,NA,NA,0.620705355,NA,NA,0.482687863,0.436791665
1770,1.119244676,NA,NA,NA,NA,0.681424442,NA,NA,NA,NA,1.447826274,NA,NA,0.520332847,0.834235374
1771,1.01062981,NA,NA,NA,NA,1.462259396,NA,NA,NA,NA,0.958893059,NA,NA,0.56969328,1.031508228
1772,0.70327301,NA,NA,NA,NA,0.851338795,NA,NA,NA,NA,0.582787408,NA,NA,0.57647398,0.574548065
1773,0.936348465,NA,NA,NA,NA,1.134295632,NA,NA,NA,NA,1.165056644,NA,NA,0.844907783,1.38931583
1774,0.98915637,NA,NA,NA,NA,1.236011739,NA,NA,NA,NA,1.162171315,NA,NA,0.883594069,1.374340757
1775,1.069176579,NA,NA,NA,NA,1.424892452,NA,NA,NA,NA,1.120684515,NA,NA,0.982446918,1.371420041
1776,0.621488419,NA,NA,NA,NA,0.761028335,NA,NA,NA,NA,0.826278294,NA,NA,0.560784716,0.549787854
1777,0.872209185,NA,NA,NA,NA,0.887939466,NA,NA,NA,NA,0.916058984,NA,NA,0.827745225,1.054515318
1778,0.772836425,NA,NA,NA,NA,0.708485389,NA,NA,NA,NA,0.817690184,NA,NA,0.70376271,0.66300206
1779,0.906696096,NA,NA,NA,NA,0.735185258,NA,NA,NA,NA,0.995027244,NA,NA,0.786211805,0.94185809
1780,1.232039454,NA,NA,NA,NA,1.140722622,NA,NA,NA,NA,1.69643233,NA,NA,1.085084873,1.648688022
1781,1.116009097,NA,NA,NA,NA,1.225573558,NA,NA,NA,NA,1.16218269,NA,NA,1.059013787,1.447572346
1782,0.8668657,NA,NA,NA,NA,0.60311442,NA,NA,NA,NA,0.884434531,NA,NA,0.981547449,0.411812168
1783,0.576046385,NA,NA,NA,NA,0.434804232,NA,NA,NA,NA,0.464174696,NA,NA,0.644091715,0.33401301
1784,1.167972833,NA,NA,NA,NA,0.791423382,NA,NA,NA,NA,0.37129403,NA,NA,0.611764071,0.704049003
1785,0.819710335,NA,NA,NA,NA,0.809795247,NA,NA,NA,NA,0.597330341,NA,NA,0.999543986,0.398539169
1786,0.990643409,NA,NA,NA,NA,0.813330036,NA,NA,NA,NA,0.697266743,NA,NA,1.244700227,0.553517331
1787,0.702118602,NA,NA,NA,NA,0.448499605,NA,NA,NA,NA,0.310924863,NA,NA,0.965479978,0.325143496
1788,0.844842819,NA,NA,NA,NA,0.548156071,NA,NA,NA,NA,0.751473767,NA,NA,1.317788003,0.348874501
1789,1.06070103,NA,NA,NA,NA,0.979623115,NA,NA,NA,NA,1.381693506,NA,NA,1.319346781,0.695143743
1790,1.124768033,NA,NA,NA,NA,1.278626316,NA,NA,NA,NA,0.792394912,NA,NA,1.352343957,1.131198348
1791,1.276087545,NA,NA,NA,NA,1.15191736,NA,NA,NA,NA,1.244962481,NA,NA,1.59088393,1.322965384
1792,1.65083737,NA,NA,NA,NA,0.934007819,NA,NA,NA,NA,1.145285332,NA,NA,1.593028217,1.5358336
1793,1.869845348,NA,NA,NA,NA,1.906482345,NA,NA,NA,NA,1.680405655,NA,NA,1.686198109,2.328223627
1794,1.344860506,NA,NA,NA,NA,1.444529978,NA,NA,NA,NA,1.412795893,NA,NA,1.385804689,1.470460658
1795,0.533784294,NA,NA,NA,NA,0.641406391,NA,NA,NA,NA,0.553302931,NA,NA,0.836967687,0.001127577
1796,0.401665551,NA,NA,NA,NA,0.712768147,NA,NA,NA,NA,0.524170726,NA,NA,0.937354464,0.189448097
1797,0.640968814,NA,NA,NA,NA,0.739070203,NA,NA,NA,NA,0.679977041,NA,NA,1.179978004,0.163835742
1798,0.687217251,NA,NA,NA,NA,1.023338567,NA,NA,NA,NA,0.705924695,NA,NA,1.376477356,0.297430798
1799,0.508949254,NA,NA,NA,NA,0.732456686,NA,NA,NA,NA,0.670816967,NA,NA,1.240413912,0.22279091
1800,0.462310739,NA,NA,NA,NA,0.629553605,NA,NA,NA,NA,0.50714143,NA,NA,0.974888859,0.211286672
1801,0.904708938,NA,NA,NA,NA,1.306409579,NA,NA,NA,NA,1.548716359,NA,NA,1.078105125,0.720042563
1802,0.754949345,NA,NA,NA,NA,1.183310158,NA,NA,NA,NA,1.060248223,NA,NA,1.236651475,0.628885088
1803,0.850392951,NA,NA,NA,NA,1.297819866,NA,NA,NA,NA,1.365742458,NA,NA,1.252741901,0.705482687
1804,1.139528353,NA,NA,NA,NA,1.322527953,NA,NA,NA,NA,1.47402541,NA,NA,1.458871745,1.225803716
1805,0.949154477,NA,NA,NA,NA,0.854284893,NA,NA,NA,NA,0.715497946,NA,NA,0.98768046,0.383547354
1806,1.156016839,NA,NA,NA,NA,1.429734329,NA,NA,NA,NA,1.247242552,NA,NA,1.271213565,0.427611365
1807,0.857613547,NA,NA,NA,NA,1.023325153,NA,NA,NA,NA,1.077867936,NA,NA,1.049086812,1.003338201
1808,0.96665522,NA,NA,NA,NA,0.905163188,NA,NA,NA,NA,0.83762428,NA,NA,0.908631376,0.576621544
1809,1.019325948,NA,NA,NA,NA,1.281882238,NA,NA,NA,NA,1.22671727,NA,NA,1.044066036,0.707195258
1810,0.910037495,NA,NA,NA,NA,0.932604392,NA,NA,NA,NA,0.92627571,NA,NA,0.98816097,1.013053246
1811,0.979386578,NA,NA,NA,NA,1.064847122,NA,NA,NA,NA,0.559840135,NA,NA,0.978512573,1.058106486
1812,1.009357831,NA,NA,NA,NA,0.828763332,NA,NA,NA,NA,0.866600903,NA,NA,0.983967472,0.851615182
1813,1.183366397,NA,NA,NA,NA,0.858910187,NA,NA,NA,NA,0.814757665,NA,NA,0.866150282,0.933737441
1814,1.171514201,NA,NA,NA,NA,1.806818816,NA,NA,NA,NA,1.318251797,NA,0.825330484,1.034805414,1.639328939
1815,1.031232261,NA,NA,NA,NA,1.442144652,NA,NA,NA,NA,1.162693076,NA,0.824282789,0.286349895,1.46024216
1816,1.033255225,NA,NA,NA,NA,1.240373225,NA,NA,NA,NA,1.090610608,NA,1.066695983,0.41126227,1.428222861
1817,1.071224396,NA,NA,NA,NA,1.211641251,NA,NA,NA,NA,1.243264933,NA,1.098115249,0.484004507,1.581450625
1818,1.585719056,NA,NA,NA,NA,1.512212535,NA,NA,NA,NA,1.004924004,NA,0.978664978,0.458158546,1.764256201
1819,1.720451444,NA,NA,NA,NA,1.593875737,NA,NA,NA,NA,1.401133927,NA,1.115279437,0.600695621,2.114858915
1820,1.313969816,NA,NA,NA,NA,0.906002806,NA,NA,NA,NA,1.178977082,NA,1.291633187,0.590669126,1.652962821
1821,1.112024158,NA,NA,NA,2.500662889,1.147653427,0.703461673,NA,NA,NA,0.85379914,NA,1.169142851,0.395187507,1.213044681
1822,1.255969561,NA,NA,NA,3.134538685,1.540977441,0.701235246,NA,NA,NA,1.366998638,NA,1.59410869,0.695130716,1.730764892
1823,0.716955588,NA,NA,NA,0.340321846,0.571488398,0.559201723,NA,NA,NA,0.587279546,NA,0.776748846,0.517045411,0.475210014
1824,0.5586787,0.610485965,NA,NA,0.596733467,0.350715876,0.626702908,NA,NA,NA,0.446342667,NA,0.611835729,0.810799944,0.266018933
1825,1.223956421,1.016173349,NA,NA,1.279914868,1.129357977,1.178388842,NA,NA,NA,1.205688429,NA,1.209445873,0.983945917,1.431955027
1826,1.017044358,1.229766499,NA,NA,1.645249902,1.107401199,1.193033078,NA,NA,NA,0.772989452,NA,1.286665593,0.805149144,1.036009974
1827,1.039046579,1.086027201,NA,NA,1.022242009,0.75689859,0.709799849,NA,NA,NA,0.740005435,NA,1.134456154,0.879936152,0.827315359
1828,0.887202245,0.899354296,NA,NA,1.715912866,0.817329151,0.975113884,NA,NA,NA,0.903785762,NA,1.065895041,0.935612126,0.812957562
1829,1.157506332,0.978557815,NA,NA,1.141215922,0.799706417,1.048775254,NA,NA,NA,0.846813021,NA,1.025473656,1.160162605,0.925957923
1830,1.147690336,0.969398161,NA,NA,1.107397847,0.887673299,0.992503651,NA,NA,NA,0.82337134,NA,0.930822435,0.75693702,0.798838698
1831,0.743159972,0.742078807,NA,NA,0.68238927,0.553878594,0.848789166,NA,NA,NA,0.774106997,NA,0.811447983,0.837338764,0.627185209
1832,0.967071649,1.231477744,NA,NA,1.002822015,1.046645287,1.452401027,NA,NA,NA,1.440938933,NA,1.315125845,1.118994899,1.336379081
1833,1.181851564,1.134871876,NA,NA,1.122547101,1.186433962,1.230028901,NA,NA,NA,1.446992186,NA,1.389335616,1.371130184,1.628928044
1834,0.899804726,1.139678341,NA,NA,1.202583084,0.748824818,1.123143906,NA,NA,NA,1.059077337,NA,0.919048916,1.235555736,1.034290612
1835,1.200733939,0.996654339,NA,NA,0.54453463,0.807289361,1.165556205,NA,NA,NA,1.200532874,NA,0.923502183,1.235440617,1.006295877
1836,0.720026038,0.997315415,NA,NA,0.256343853,0.832503347,1.050265961,1.476758532,NA,NA,1.458092711,NA,0.905164337,1.005351529,0.989462663
1837,0.877801063,1.234497429,NA,NA,0.677383493,1.137474326,1.503294852,1.062848203,NA,NA,1.483678758,NA,0.879447017,1.160190194,1.157796381
1838,1.287538242,1.1918658,1.455054717,NA,1.068282327,1.267205245,1.5917924,1.063989659,NA,NA,1.368351606,NA,1.032203018,1.198459734,1.687715683
1839,1.411822425,1.370141834,1.84588719,NA,1.123389268,1.792869127,1.549331792,1.254273953,NA,NA,1.414389682,NA,0.929824146,1.105802656,1.511676705
1840,0.726692676,0.593577444,0.673067735,NA,0.541289087,0.487622254,0.580942134,0.536493399,NA,NA,0.59638012,NA,0.467217258,0.922204341,0.46680628
1841,1.141793778,1.042852649,0.715432966,NA,0.929864907,1.171687138,0.87868825,0.969137108,NA,NA,0.880677926,NA,0.900588963,1.352670973,1.472301101
1842,0.830505577,0.514761416,0.37659347,NA,0.46621729,0.807429426,0.533269666,0.541101993,NA,NA,0.745295411,NA,0.61762745,1.401134544,0.845600366
1843,0.636024443,0.545101423,0.400132188,NA,0.479565664,0.430179094,0.848361959,0.446519906,NA,NA,0.447250253,NA,0.414220801,0.999179316,0.5515669
1844,0.862260961,0.791480763,0.651819777,NA,0.696462871,1.125431392,1.397984987,0.556293976,NA,NA,0.651144439,NA,0.517701504,1.261101624,0.910356576
1845,1.127349745,0.834270937,1.066866055,NA,0.904379534,1.473527201,1.246696401,0.802824686,NA,NA,1.486029878,NA,1.102337873,1.41803169,1.470661133
1846,1.022934121,1.031999898,1.51502083,NA,1.278947254,1.216247507,1.474754665,1.684001477,NA,NA,1.128484592,NA,1.296667165,1.506918401,1.474361159
1847,0.793366436,0.887070918,0.970175484,NA,0.435902092,0.580703777,0.511629077,1.160381774,NA,NA,0.756184222,NA,1.174229763,1.252083553,0.762257584
1848,0.854430801,0.765923529,1.129399415,NA,0.605901337,0.493166282,0.489395791,0.643333606,NA,NA,0.668806487,NA,1.002647209,1.019418721,0.942243614
1849,0.743328215,0.70441214,0.863862659,NA,0.42347061,0.665000576,0.672952838,0.865018592,NA,NA,0.73725555,NA,0.726802247,0.761575683,0.576816839
1850,0.838662528,0.787371827,0.953105805,NA,0.193107958,0.972572287,0.544316516,1.398402676,NA,NA,0.947886271,NA,1.0007259,0.870967293,0.917572448
1851,0.737119907,0.990875245,0.874157906,NA,0.886512046,0.789846242,0.821153655,0.745161818,NA,NA,0.661685072,NA,0.779099731,0.81758562,0.674455511
1852,0.755322302,1.059047974,1.02431086,NA,0.821640729,0.892548745,0.703524712,1.285957465,NA,NA,0.715086814,NA,0.712088769,0.712571728,0.572070182
1853,1.014868987,1.09574418,0.935970935,NA,0.550445597,0.673760235,0.782085883,1.32852857,NA,NA,0.838539599,NA,0.904875098,0.726936836,0.880846971
1854,1.100104547,1.145715442,0.955247605,NA,0.753858837,0.868802602,0.811817143,1.156594003,NA,NA,0.79255626,NA,0.88172927,0.79066475,0.931482428
1855,1.101963077,1.111473897,0.824639843,NA,0.831028859,0.948960947,1.186469917,0.754209176,NA,NA,0.891740909,0.747852434,0.646907437,0.540693245,0.894840679
1856,0.992392938,1.280813351,1.120552047,NA,0.932628004,0.926485364,1.660143529,1.374816065,NA,NA,1.729055739,0.895937086,0.91811752,0.696851644,1.049171654
1857,1.235548318,1.16320217,1.135412132,NA,1.093956594,1.210699597,1.334947245,1.246022088,NA,NA,1.506149378,1.016381804,1.017019192,1.304110484,1.490847363
1858,1.123448143,1.090368383,1.183228759,NA,1.410766948,1.098075914,1.254608862,1.40274148,NA,NA,0.952192555,1.161361238,0.956142198,1.013682121,1.15122091
1859,1.214627663,0.978606725,1.078082905,NA,1.237698163,1.08162646,0.916858355,1.421614302,NA,1.122733317,1.211504984,1.090703983,1.435366681,1.304904483,1.221553817
1860,1.191296056,1.029599968,1.160885549,NA,1.197257068,0.588138074,1.094917125,1.258843531,NA,1.361558407,1.38504105,1.03272146,1.219458353,1.114180102,1.194499742
1861,1.309662721,1.316995083,1.237492353,NA,1.217787525,1.085546773,1.272515815,1.358059637,NA,1.220234353,1.609377434,1.324656927,1.621040068,1.559469149,1.714807649
1862,1.010134972,1.092692744,1.025004529,NA,0.837046036,1.161354245,0.868257089,1.089646414,NA,1.149926164,1.149586537,1.167073963,1.24300431,0.984766034,0.926079097
1863,1.116775407,1.091852779,1.219169494,NA,1.132027147,1.360740587,1.23320079,1.22911479,NA,0.972040425,1.420583528,1.282864314,1.239845893,1.283189156,0.999701199
1864,1.122528248,1.165543415,1.310687779,NA,1.349411358,1.39002087,0.9222779,1.291872446,NA,1.295216467,1.457922623,1.170311078,1.276718842,1.172441309,1.164560272
1865,1.208793563,1.239528765,1.017827892,NA,1.052994785,0.963871858,0.913057532,0.896679677,NA,1.157047352,1.146672673,1.509108135,0.942311058,1.40718967,0.803015711
1866,0.907008477,1.2091131,1.248651425,NA,1.378946911,0.836745476,1.008930557,0.836070269,NA,1.000914417,1.110065272,1.149867172,0.783945414,1.550224847,0.777700659
1867,0.956859304,1.013095311,0.850888619,NA,0.996729883,0.635913483,0.480908223,0.825093569,NA,0.636087132,1.115803941,0.985626298,0.826057874,1.155605987,0.748692051
1868,1.188599336,1.179844751,1.043596059,NA,1.454707655,1.226707046,1.000914359,0.827910722,NA,0.93701964,1.475250325,0.996724628,0.92819713,1.386267069,1.126840941
1869,0.780590319,0.704216696,0.728030211,NA,0.823314394,0.599644934,0.615088592,0.381510838,NA,0.440716625,0.464540479,0.549862202,0.391793466,0.613300261,0.376624667
1870,0.945384642,1.143029367,0.786224847,NA,0.968547216,0.869748694,0.671022142,0.877334776,NA,0.807047573,0.918759097,0.871592296,0.710092063,1.017189104,0.868906083
1871,0.773153595,0.969304625,0.646604934,NA,0.749218137,0.64001693,0.502334938,0.611821155,NA,0.566861165,0.836454276,0.722053099,0.485957461,0.68271174,0.722105696
1872,0.706436953,0.997371785,0.490569627,NA,0.724179239,0.549981613,0.344279937,0.620861435,NA,0.552553777,0.239779336,0.697394773,0.538284291,0.977296046,0.685970411
1873,1.043133685,1.16227227,0.714388263,NA,0.841339108,1.026198587,0.590143493,0.758010068,NA,0.764867688,0.55347446,0.851443208,0.642233041,0.912932809,0.982286411
1874,0.917609108,0.743527286,0.710610141,NA,0.80592903,1.043334141,0.647224249,0.659912767,NA,0.811536267,0.625083509,0.788955151,0.600218317,1.07786901,0.919510229
1875,0.767568157,0.840107207,0.822424247,NA,1.084662101,0.535636604,0.903345921,0.56926695,NA,0.794813265,0.393454998,0.643651173,0.569687013,0.59887914,0.869178388
1876,0.803572228,0.902696594,0.839297921,NA,1.247550319,0.846384857,0.724261391,0.833992575,NA,0.932381052,0.536150859,0.89107562,0.742415675,0.500920996,0.640624734
1877,1.250539613,1.299310261,1.179077454,NA,2.113638228,1.341979159,1.62270598,1.301154192,NA,1.196092686,0.948972969,1.287757352,1.416756593,1.000557305,1.13462165
1878,1.168161778,1.252574531,1.25391078,NA,1.643407335,1.426085417,1.547565806,1.24783587,NA,1.280753568,0.976077881,1.1358055,1.476176551,1.079567369,1.397994705
1879,1.024332621,1.184752973,1.422964257,NA,1.776014846,1.448082571,1.944864145,1.192591779,NA,1.297278383,1.097471948,1.26305988,1.632502335,1.231733496,1.124218068
1880,0.717692821,0.914916142,1.158494366,NA,1.273174979,0.69999733,1.132650391,0.994182191,NA,1.127528714,0.667271342,1.049857901,0.967360346,0.833124392,0.908902803
1881,0.717241496,0.979090002,1.172128058,NA,1.490107091,1.007421434,1.275651847,1.19646218,NA,1.545299593,0.85690986,1.159330455,1.406077297,0.852145801,1.586192453
1882,1.146624339,1.101795525,1.198778325,NA,1.468342982,1.202793147,1.650716425,1.363134612,NA,1.587428602,1.227767316,1.315140416,1.84138523,1.18721159,1.626123528
1883,0.668169148,0.790983736,0.956064707,0.69818456,0.950521236,0.670189847,0.823348183,0.975459491,NA,1.083458133,1.092781644,0.886480809,1.000544173,0.803444779,1.051658623
1884,0.858016964,0.584003294,0.583709426,0.273808905,0.377977391,0.494771543,0.439405608,0.613016107,NA,0.728653664,0.597102976,0.94993356,1.034745848,0.880982781,0.586559793
1885,0.70448528,1.037066204,1.009961742,1.002628615,1.089413079,1.192200149,1.41616869,0.970260394,NA,1.183419226,1.225876818,1.114908287,1.08242207,0.818888003,1.140895483
1886,0.902389275,0.686225749,1.087304887,1.02246903,0.906049068,1.149130218,1.075642775,0.933401458,NA,0.977876476,0.661449703,0.929812371,0.888058402,0.64110689,0.658597494
1887,1.045069627,0.796709845,1.290752463,0.99878203,1.241727724,1.137374402,1.175334563,0.889066187,NA,1.301522009,1.286113391,1.091603428,1.3968085,0.803976768,0.767743008
1888,1.136284175,0.848515163,1.455842455,1.026236767,1.237784204,1.332510465,1.481517883,1.136870315,NA,1.038580887,1.397531912,1.252506543,1.41432048,1.186380406,0.917513514
1889,1.309462706,0.696861994,1.136263633,0.898438755,0.989629606,1.267164347,1.034356859,0.84660229,NA,0.888120188,1.006395067,0.950819111,1.102577739,1.338827438,0.621906783
1890,0.834209197,0.624957783,0.942733686,0.895621172,0.7272442,0.70998551,0.602945609,0.721852986,NA,0.864240674,0.761296645,1.006395364,0.964140127,0.874801108,0.461622236
1891,0.75716305,0.65630159,0.879452569,0.816610968,0.64681431,0.876766897,0.944972666,0.5423755,NA,0.984057393,0.822529021,0.992944921,1.0013085,1.0239618,0.540604075
1892,0.684210796,0.701125433,0.795146548,0.61758044,0.782968859,0.927095003,0.805887255,0.62631595,NA,0.704268174,0.799879352,0.698970904,0.71230043,0.683022905,0.603544026
1893,0.732574292,0.684617811,0.664828911,0.643406779,0.627925316,0.817256401,0.481241526,0.771009487,NA,0.646002888,0.722174043,0.89233002,0.904216577,0.696830554,0.725514717
1894,0.856540253,1.093820429,0.690926393,0.549388139,0.663630945,0.775814468,0.596918419,1.13116631,NA,0.810797768,0.641787791,0.752308926,0.900027659,0.807918642,0.807480123
1895,0.892484708,1.334758367,0.789391931,0.542110801,0.732236662,0.689179706,0.540715758,1.161937967,NA,0.70155483,0.684538968,0.820968115,1.169773949,1.277338263,1.008596948
1896,0.625325931,1.087610179,0.566066098,0.49076728,0.595471464,0.714128774,0.419266635,0.962373173,NA,0.617232647,0.773463269,0.812655164,0.861564059,1.100929161,0.967481529
1897,0.48516505,0.929772069,0.595015631,0.484194221,0.471877033,0.452530381,0.401470742,0.847729105,NA,0.730516995,0.587635653,0.689133518,0.650498607,0.543343906,0.536085847
1898,0.959400033,1.32963686,0.960866862,1.15267776,1.152889371,1.084354793,1.063389657,1.165111909,NA,0.867557699,1.121699501,1.26162296,1.555751242,1.2257095,1.231083947
1899,0.901098046,0.953024112,1.018747757,1.114065358,0.999412745,1.033875019,0.79716805,0.79927055,NA,0.886887905,1.090444451,1.008304698,1.097025543,1.025438679,1.134302723
1900,1.273332327,1.539687718,1.158929329,1.585575385,1.252796444,1.613719302,1.463867537,1.260831948,NA,1.215873659,1.078733539,1.176963194,1.8307572,1.173526449,1.35005598
1901,1.417789493,1.511906213,1.40801988,1.56092337,1.331468504,1.422432534,1.690678003,1.347986081,NA,1.350543541,1.242707797,1.394938823,1.870396684,1.205092215,1.766470916
1902,1.43629899,1.281803098,1.223677552,1.309319358,1.114812169,1.31289587,1.42418889,1.194293688,NA,1.108065398,1.33376958,1.194425358,1.448158938,1.156228176,1.830617584
1903,1.12090119,1.609190001,1.393676109,1.396696426,1.393659508,1.381819866,1.553709919,1.374476668,NA,1.239728113,1.079008133,1.210216724,1.259841121,1.033953608,1.648902852
1904,1.174691006,1.43626131,1.503804339,1.185957847,1.471689726,1.428368045,1.693685974,1.556715069,NA,1.174134533,1.395425873,1.318016014,1.257747983,1.001323672,1.573572763
1905,1.479425261,1.361658584,1.259486159,1.329458162,1.196322036,1.074336742,1.435437437,1.225869695,NA,1.01794471,1.163743182,1.015188637,1.48926798,1.021657904,1.162564508
1906,1.936344942,1.358157812,1.122706615,1.171738121,1.167401223,1.375673013,1.14279216,1.401325224,NA,1.315895774,1.67979175,1.200498527,1.417741519,1.07297347,1.385320775
1907,1.139496151,1.045315678,0.995428654,1.029326298,0.95333251,0.994853321,0.984876893,0.954403043,0.917931542,1.184189729,1.469380336,0.928098316,1.044958231,1.110625889,0.962297032
1908,1.254872218,1.315579274,1.308376682,1.204737529,1.20261253,1.308679714,1.798882103,0.944953695,1.476197982,1.45590848,1.102651524,1.039992447,0.946953613,1.276590819,0.971938365
1909,0.982980422,1.125669521,1.072506836,1.345514303,1.076525269,1.250670978,1.440986387,0.808892758,0.634998258,1.378064734,1.498087938,1.030106872,0.753387166,0.82165917,1.12869902
1910,1.009867386,0.889955485,0.97642692,0.945383377,0.819455805,1.016468189,0.813373516,0.842654464,0.831446332,0.912524942,0.952453205,0.792540225,0.537217296,0.836755598,0.88562058
1911,1.177964137,0.876078737,0.972752586,1.010762781,0.792088643,0.978888345,0.971123537,0.771524554,1.174809071,1.189729607,1.139847633,0.995142611,0.576092556,0.754406017,0.6250679
1912,0.975395737,0.889982492,0.958252049,1.138027121,1.023033176,1.388238125,1.323069297,0.819801314,1.640974711,1.218891431,1.253944917,0.775728454,0.484434753,0.935261405,1.041598175
1913,1.309055026,1.385005679,1.560397575,1.520757768,1.646006833,1.415157541,2.115143394,0.898300533,1.89824399,1.665049712,1.429103338,1.197182715,0.857895363,1.190176197,1.033888851
1914,1.464946779,1.117401651,1.422731341,1.29972104,1.501388948,1.143840447,1.42025251,0.787625603,1.393998733,1.298215316,1.127502836,1.172214599,0.763017754,1.363997704,1.279345859
1915,1.54885954,1.544324521,1.363756066,1.4834857,1.611150683,1.400129726,1.487750089,0.956941371,1.974324814,1.435169063,1.678536855,1.368262146,1.067695093,1.389531444,1.337892073
1916,1.424438314,1.573028325,1.598269505,1.4716729,1.474906616,1.67883121,1.788404995,1.202860665,2.09989233,1.723591651,1.726780809,1.653276411,1.418665676,1.595785934,1.830143843
1917,0.945203776,0.880782622,1.222594003,0.874961006,0.949110904,1.016252968,1.070806418,0.724668731,1.201630185,1.064217766,0.99109569,1.105505539,0.867628427,1.199468289,1.174694054
1918,0.640563615,0.460959946,0.671350721,0.569011707,0.45461587,0.538668055,0.563917548,0.26739583,0.429144897,0.68051686,0.294616075,0.365856287,0.447254104,0.400994813,0.365590612
1919,1.114112404,0.855986918,0.826639249,0.923159404,0.912776849,1.033188866,0.829071753,0.971347889,1.195830711,1.278994449,1.021333567,0.878191702,1.153752587,1.025893929,1.037985957
1920,0.818502963,0.771686399,0.711919031,0.629017914,0.73714579,0.634904052,0.590993838,0.704144783,0.385488846,1.060024266,0.762626758,0.688974384,0.636696764,0.66834389,0.743013075
1921,1.158133129,0.947765693,0.736419048,0.959236969,0.815609913,0.872141809,0.780878244,1.079496284,0.842286337,0.941480902,0.740825433,0.743610414,0.918700545,0.756480937,1.052897627
1922,0.794320899,0.679019136,0.603170385,0.706189136,0.534312326,0.804161786,0.476948506,0.750219999,0.683454139,0.703662082,0.684982982,0.803035743,0.837447621,0.78069044,0.90499009
1923,0.892023939,0.700842566,0.694893267,1.150106911,0.710415989,0.767675157,0.570814205,0.772832386,0.514576882,0.897023234,0.756480426,0.892473158,0.753828279,0.812544541,0.675117413
1924,0.876129583,0.695745536,0.78572847,1.04642825,0.597744403,1.029893271,0.740418077,0.550488639,0.468587305,0.667122956,0.919012087,0.678011523,0.941357439,0.838955558,0.613612965
1925,0.779376825,0.683942137,0.706252595,0.959247802,1.012829405,1.013131881,0.786366963,0.526961709,0.801514626,0.975066497,1.01087141,0.778805875,0.690248476,0.467624826,0.85454625
1926,0.713650634,0.555304877,0.604873561,0.713117969,0.73225674,0.686328511,0.44035215,0.640619377,0.467161644,0.524897498,0.897073208,0.641149676,0.450287504,0.491218963,0.413479356
1927,0.810204761,0.688316989,0.620126647,0.862612962,0.698689033,1.044189891,0.768489844,0.898437605,1.13497037,0.716502363,1.170955101,0.72616608,0.790101454,0.772754131,0.726898112
1928,0.901752465,0.980762893,0.912454259,1.109200785,0.976553961,1.507466088,1.291165648,1.117178398,0.639218461,1.164443948,1.259770512,0.859731333,1.164485172,0.96070625,1.261433849
1929,0.657088999,0.748773968,0.791256483,0.601129374,0.502086694,0.907578292,0.817507296,0.69779352,0.638774138,0.564346946,0.659578891,0.571482244,0.653724636,0.595455228,0.701524874
1930,0.445182434,0.499764705,0.341312246,0.335654715,0.186434862,0.351187465,0.330355761,0.514679462,0.049062197,0.129341745,0.190836489,0.260430145,0.464794554,0.291804903,0.381239461
1931,0.637695923,0.534021591,0.771696286,0.680655581,0.613609074,0.895952071,0.468568311,0.732597275,0.475682121,0.657782885,0.751246369,0.516197382,0.351623846,0.427826163,0.562763574
1932,0.777993644,0.792411315,0.701091574,0.606874314,0.562973492,0.894754309,0.659671736,0.987260729,0.87053228,0.604862329,0.778449238,0.560120471,0.496655734,0.53020475,0.719530397
1933,0.648158266,0.605865269,0.664213205,0.690017218,0.512384667,0.596075856,0.44606158,1.045369509,0.656650605,0.61120997,0.700146316,0.83601939,0.641038264,0.767328318,1.136869429
1934,0.79041732,0.78170914,0.556286236,0.806716868,0.617054755,0.727828584,0.446574613,0.923226477,0.364516265,0.586414092,1.04361065,0.711172583,0.490379233,0.981557112,1.094903067
1935,0.705287038,0.983523211,0.678224995,0.869597388,0.563273573,0.802303146,0.448421677,1.19881116,0.384963684,0.680275075,0.524927244,0.939405181,0.675748952,1.187646387,1.120417549
1936,0.782368112,0.654682751,0.724833143,0.915735242,1.137938919,0.740518444,0.881095781,1.196971449,0.981490539,1.206790111,0.621254891,0.885922568,0.599762213,0.672911688,1.025965714
1937,0.695433832,0.837125401,0.539438295,0.951169373,1.037980719,0.829435272,0.563709358,0.978809486,0.457115224,0.686739691,0.743099013,0.585183956,0.637996441,0.925946115,1.166508667
1938,0.789566366,0.882275574,0.588265679,0.7568495,0.747404417,0.544046919,0.504279639,1.246694503,0.371393643,0.71256992,0.465555786,1.119166941,0.773805428,1.097622701,0.783775965
1939,0.657409475,0.673472227,0.51489207,0.709037366,0.680323391,0.620579019,0.381547205,0.723783845,0.484470084,0.57703456,0.459127437,0.635503879,0.531896641,0.774730689,0.582731326
1940,1.115424563,1.185964841,0.739579905,0.85078633,0.854054597,0.818062218,0.522587716,1.231159077,0.81219205,0.651380546,0.911599839,0.856758196,0.742000023,1.28098545,0.814260321
1941,0.86058034,0.835138994,0.69431106,0.93254756,1.16912553,0.918276248,0.591024021,1.425869402,0.591843874,0.60180206,0.504118934,0.896837032,0.677835001,1.195125342,0.586202323
1942,1.127296719,1.71320034,1.253645746,1.329107459,1.666364361,1.31240018,1.180742309,1.591798006,1.29902252,1.038669688,0.988165457,1.587414332,1.083175525,1.319724187,0.930951584
1943,0.887997618,0.767428187,1.087468993,0.742855439,1.202104441,0.939197523,0.864776409,1.145322884,0.644353868,1.006326683,0.965643263,1.391718056,1.043701394,1.051039171,0.933252925
1944,1.243471945,1.188246125,1.251241139,1.026153737,1.459622721,1.203689638,0.914738491,1.688227633,1.272062492,0.9343556,0.550557594,1.307941882,1.022683,1.299325979,0.790551163
1945,1.100032685,1.35301605,1.288790074,0.901756519,1.179204563,1.255860553,0.888476565,1.610550287,1.313401662,0.849486789,0.702707301,1.399624141,1.113914283,1.078281359,0.768053348
1946,0.883571977,1.032635173,0.815803752,0.89839097,0.854370883,0.653351355,0.505125128,1.238880664,0.913910495,0.817756042,1.192432032,1.205003511,0.914464661,0.98686629,1.178971126
1947,0.855937017,0.99730749,0.869268843,1.00057638,0.951823709,1.046890561,0.706638115,1.009219176,0.669311718,0.765429246,0.976337088,0.907596573,1.737341151,1.054465583,0.827598251
1948,0.907819358,1.922179914,1.355894071,1.863492932,1.346676422,1.829128323,1.244094379,1.327283032,1.569461901,1.286553684,0.886927413,1.524632361,1.867127316,1.1663862,2.294467233
1949,0.829276598,0.998979167,1.483137426,0.9752256,0.839859879,0.738823316,0.848379562,0.805796848,0.554373362,0.856276792,0.877520563,1.008330964,1.5334265,0.977586876,1.217029424
1950,1.084412956,1.137506385,1.117648809,0.654933485,0.836135498,0.470409137,0.465452192,1.004505015,0.988444147,1.054224964,1.648042268,1.422241143,1.490144594,1.02119299,1.717931206
1951,0.860482572,0.826151906,0.944844072,0.903781637,0.846230837,0.590874278,0.367997932,1.47164846,0.832295509,0.894650519,0.947855965,1.096157475,0.698021787,0.90911593,1.236107739
1952,1.337392746,1.680821058,1.139527527,1.45032939,1.231090474,0.9933872,0.909785443,1.790535568,1.131059919,1.438530739,1.39123978,1.553720653,1.726958691,1.361020058,1.82772717
1953,1.205564272,1.486861157,1.25706201,1.241871383,1.031217331,1.145563374,1.038428896,1.609280288,1.313192772,1.257909243,1.455021212,1.381959107,1.621401258,1.297073953,1.727698963
1954,1.085520745,0.861916242,1.066395518,1.068788746,1.023669946,0.739163709,0.725747919,1.265516239,0.994337159,1.067791898,0.794477724,0.951004966,0.840925157,0.889055426,0.8558202
1955,1.291160785,1.309675251,1.316172666,1.230853688,1.202604676,1.260009888,1.229332413,1.717163529,1.47614684,1.617856685,1.18561487,1.12506711,1.253060827,1.22308472,1.013610649
1956,1.058709567,1.087000055,1.302997314,1.359295243,1.099792276,1.210433746,1.141199837,1.492118909,1.318925834,1.363480869,1.030243919,1.23145845,1.023323046,1.20381603,0.962560952
1957,1.16080388,1.593782113,1.6399119,1.791096614,1.618889129,1.612319541,1.536475829,1.553168327,1.961536779,1.631162045,1.135587219,1.469627991,1.611833801,1.478025181,1.143125177
1958,1.359764735,1.316257015,1.8294213,1.525797036,1.551640427,1.325944818,1.667111815,1.077990011,1.509643868,1.384903611,0.943876133,1.540609913,1.163730964,1.5708407,1.080257543
1959,1.251828902,1.10271142,1.204689243,1.042943368,1.055295444,0.80412258,0.812991403,1.153827253,1.086398365,0.855411826,1.219088873,1.257421716,1.396018418,1.47015768,1.014084007
1960,1.32639325,0.927149831,1.066102298,1.178500761,1.200840031,1.175806215,0.944071542,1.111178786,1.436166613,1.045345773,1.586685231,1.171618078,1.237938077,1.390855388,1.127881284
1961,1.131142856,0.698799499,0.8550052,1.02252438,0.909736024,1.047941015,0.868761766,0.785388987,0.998985799,0.857704703,0.724375871,0.933120578,0.845205204,1.026116676,0.729431679
1962,1.030293626,0.663606057,0.80952065,0.839309932,0.804171377,1.026949958,0.606571903,0.709226551,0.782650659,0.655270295,0.852018195,0.58764443,0.825596082,0.882487473,0.409883375
1963,1.151795374,1.170655395,0.985008946,1.427094163,1.349010164,1.282366181,0.888327688,0.904872739,1.156087374,1.052636802,1.431288659,1.057320934,1.413903416,0.975328565,1.011032021
1964,1.520396223,0.931438506,1.519514581,1.272795121,1.378087175,1.057643705,1.548192074,1.117504996,1.125930344,1.19779402,0.8143908,1.140945276,0.998281331,1.03397103,0.820488867
1965,1.633207449,0.939214321,1.484812917,1.192456328,1.259896709,1.042181729,1.277131084,1.044452137,1.03473299,1.12647982,0.788095065,1.246940435,1.650172969,1.145387031,0.90237165
1966,1.069837571,0.708709144,1.42971031,0.861051438,0.933474607,1.01908934,1.365057791,0.726583387,0.543143237,0.85599875,0.671897038,1.101892096,1.206515372,1.021055777,0.729590186
1967,1.610957713,0.964595751,1.534347117,1.119237685,1.105396986,1.182552007,1.496138761,0.771499957,1.277020411,1.016525812,0.815384792,1.188912237,1.36615713,1.001386432,0.939756881
1968,1.023350781,0.704524881,0.865926707,0.673634307,0.670499341,0.509537835,0.650817231,0.555774105,0.559998403,0.607236295,0.836304375,1.022835124,0.852564759,0.777398501,1.144795774
1969,1.26181681,0.773233234,0.935420279,0.784799871,0.99749242,0.908547227,0.851016018,0.733423332,1.109119223,1.020151546,1.31205246,1.056358701,1.228124188,0.943957952,1.397601528
1970,1.10793559,0.616033182,0.894072443,0.660787627,0.709032508,0.65356259,0.851265355,0.644531513,0.826962856,0.574232457,0.670453612,0.954619568,1.237114059,1.003001581,1.028127488
1971,1.015110849,1.082524922,0.812482994,0.834346783,1.031145292,0.705366245,0.90510701,0.832668382,1.01836598,0.720687493,1.496252303,0.856550794,0.854046491,0.751247943,0.579345463
1972,1.03913604,1.008570293,0.803561002,0.954729377,0.917123265,0.850514799,0.975650754,0.609050357,0.919403008,0.83764314,1.054108139,0.968111788,0.830594077,0.880457883,0.714958579
1973,0.725123212,0.54813222,0.609371296,0.577392787,0.607582388,0.600278118,0.990437251,0.64671129,0.692509515,0.630447478,0.914820482,0.702454243,0.844310488,0.822395219,0.503583173
1974,0.632214837,0.571867884,0.552030485,0.435729664,0.469838402,0.366051553,0.511134148,0.767636853,0.601076912,0.56488788,0.601401798,0.781588924,0.668667367,0.614483679,0.477149491
1975,0.688928288,1.320501801,0.499029562,0.821880263,0.687606399,0.637006735,0.70081237,0.846982941,0.845203796,0.835660401,1.447661729,0.900984329,0.945060827,0.942309045,0.703919358
1976,0.649476408,1.368674575,0.794239252,0.758124405,0.831298155,0.82332046,1.08126404,0.954863848,0.685956969,0.97342762,1.79888565,0.796672607,0.893484267,0.8838116,0.85717341
1977,0.707143435,1.023352027,0.903232253,0.780597286,0.727899917,0.894766156,1.391210404,0.59074462,0.593550082,0.694982899,0.995066681,0.625705959,0.636580274,0.536435395,0.712189631
1978,0.896705174,0.843265938,0.786378291,0.635311067,0.579939462,0.452513674,0.800824005,0.839254404,1.291114325,0.842369561,1.128107744,0.770992009,0.952592518,0.523182683,0.732309414
1979,1.048314752,0.824603084,0.898794159,0.83581306,0.929942573,0.822185277,1.219623389,0.769680172,1.39724786,1.325177013,1.55191967,0.908907636,1.00425223,0.930368513,0.636290593
1980,0.86910338,0.921803701,1.088386131,0.848024374,1.035920571,1.004893684,1.30835667,0.88699856,1.205104229,1.197585538,1.399866341,0.748563458,0.846905826,0.870163846,1.052756121
1981,1.143098456,1.324553798,1.477305541,1.331355853,1.591639817,1.391409652,2.027128092,1.179353534,1.863343271,1.652814991,1.847838305,1.358306041,1.278871054,1.275294278,1.651725612
1982,1.10023874,1.02563754,1.444962768,1.054572196,0.910776093,0.962622409,1.29095261,1.055051902,0.933329594,1.397226272,0.941196955,0.946444336,1.061078904,1.061683521,1.280894499
1983,1.244447715,1.335546347,1.766884175,1.793730797,2.01225138,2.45500255,2.267672306,1.295059642,2.039533635,2.228478509,1.962587795,1.272666484,1.339902536,1.192928186,2.041228107
1984,1.525242877,1.222336748,2.161800538,1.413566465,2.430261677,1.905842251,2.608617143,1.165837816,2.52157617,1.736823585,1.656241608,1.809818967,1.227677415,1.332673523,1.650031916
1985,0.662403366,0.407240934,1.015789604,0.435265462,0.718111378,0.450766815,0.97423194,0.601029409,0.709127979,1.068688857,0.532571172,0.583900409,0.645372094,0.721272435,0.469622664
1986,0.834458399,0.746396691,1.252189236,1.066445656,1.156442187,1.007491038,1.253505777,0.717932501,1.373859039,1.597975431,1.055821365,0.827099254,0.935403251,0.987473736,1.050669424
1987,1.094542732,0.970709341,1.375890434,1.264063177,1.364685871,1.431711265,1.464052817,0.89259751,1.34769817,1.592145287,1.356671178,0.961255487,1.026785738,1.206895098,1.282525495
1988,0.908092906,0.863717082,0.906154109,1.005369277,1.072471929,1.252914841,1.172487909,0.730479507,1.18017081,0.956449373,1.210593883,0.788389235,0.662097711,0.871930886,1.195351329
1989,0.414761447,0.569640509,0.688518929,0.845092096,0.787481931,0.948325239,0.866854628,0.44927098,0.72487025,1.258454312,0.819444253,0.670912812,0.486559844,0.655458635,0.682533051
1990,0.788721099,0.714796101,0.773955649,1.018656413,0.960315601,1.378595437,1.077135357,0.63166912,0.962938507,0.943143027,1.106601408,0.810404054,0.611322304,0.788913419,1.229392773
1991,0.581195172,0.559067029,0.844128065,0.708471853,0.934994814,1.199041579,0.993186418,0.211389632,0.765402202,0.913672077,1.255882352,0.709391129,0.662442553,0.943969222,1.22097938
1992,0.428691158,0.627259341,0.790309114,0.613975367,0.576646761,1.216585729,0.754094363,0.278449052,0.513420573,0.83807394,1.008450019,0.739077159,0.586185965,1.063308319,0.918335228
1993,0.355142703,0.750899229,0.812853809,0.427438853,0.626938621,0.919088499,0.646018477,0.350149847,0.433869829,0.584267988,0.576087424,0.575037867,0.48156658,0.807424534,0.848648852
1994,0.631151377,1.02325196,0.89043495,0.989999785,1.34782564,1.63785244,1.260025297,0.747036179,0.634794281,0.937845914,0.841216171,0.832785557,0.883822331,1.500614452,1.443814678
1995,0.903672222,0.957588253,0.931037483,1.094589442,0.791739981,0.970482678,1.138849374,0.86320755,0.824708405,0.998085966,0.555748254,1.051693176,1.042818217,1.800402966,1.176326491
1996,0.893760144,0.975175339,0.861534201,1.077719282,0.998247685,1.064611518,0.925888482,0.964757005,0.918127756,1.147351047,0.845534358,1.373608751,1.380621996,1.7138009,1.096099467
1997,0.90094744,0.971319847,0.676992431,1.158143944,0.838769406,0.910466972,0.740327283,0.835089779,0.763316277,1.013100389,0.871723414,1.040400262,1.045322695,1.062122474,1.101054317
1998,1.447523636,2.373939413,1.013207952,2.214068768,1.675440559,1.68956894,1.470163489,1.017106688,1.357934307,1.596274806,1.230821002,2.185551255,2.077446973,1.901236051,1.642000914
1999,1.352231237,1.783884703,1.028913712,1.085900996,0.855794689,1.168850651,0.991955421,1.03283292,1.24999015,0.964476781,1.027315875,1.683581798,1.579056043,1.779292135,1.076310293
2000,1.269068427,1.070183514,0.878656184,1.158987461,0.841264112,1.032406342,0.818066399,0.861058607,0.76269644,0.914738729,0.663543899,1.203772494,0.849918536,1.253290171,0.369294785
2001,1.185595889,1.150831662,0.608153643,0.845813307,0.509299706,0.717328577,0.693005005,0.870452535,0.872855828,0.794439633,0.856048093,0.733877096,0.885854618,0.567966238,0.554739895
2002,1.176781885,1.145509459,1.054954383,0.987512061,0.643747318,0.863815056,0.779607542,1.291210724,0.746689137,0.993254048,0.863190713,0.884678574,0.810574331,0.500669438,0.773892102
2003,1.075648377,1.119700215,0.771286844,0.8451689,0.737034186,0.625135222,0.64600154,1.413211294,0.907491124,0.838914406,0.690711707,0.855998995,0.810495466,0.946608596,1.023506548
2004,0.984440397,1.282833891,0.647057923,0.829624082,0.43189474,0.843038773,0.621330351,1.546797377,1.309564243,1.19685874,1.431671776,0.950284632,1.268177776,0.869359038,1.43517355
2005,1.341448558,1.259929949,1.128975628,1.365692612,1.434822831,1.45761169,1.109350557,2.032500532,1.050270073,0.97908446,0.967192779,1.279941805,1.131183947,1.213492905,0.798056837
2006,1.388027637,1.411347701,0.989477895,1.457965422,1.069562483,1.386815625,1.126423318,1.606359411,1.288274666,0.896061099,0.748011562,1.274122574,1.17578645,1.164652883,0.887350215
2007,0.843066659,0.938056342,0.679936576,0.833503742,0.585236249,0.634742268,0.638565309,1.244777376,0.889889226,0.774366753,0.81082546,0.99394549,0.868928938,0.983278962,0.581604974
2008,1.142509377,0.933581459,0.698085473,1.107965787,0.634553797,0.747908649,0.704406186,1.479367751,0.901261646,0.883427319,0.708826085,0.874369663,0.921018503,0.942171874,0.690887576
2009,1.165729406,0.762532537,0.689990171,0.980372058,0.809661208,0.564727862,0.599966455,1.063258365,0.707806549,0.706243678,0.492253248,0.61720478,0.589349686,0.75852367,0.596038856
2010,1.056987543,0.965765247,0.744127977,1.184642832,1.112639057,1.058307426,0.745246333,1.544334272,1.048789798,0.841373884,0.915444317,0.6498497,0.903559184,0.863881265,0.894591821
2011,1.081153903,1.038822461,0.991238972,1.293100381,1.715756951,1.100659913,0.87485418,1.510713158,0.988053583,1.017067215,1.02608046,0.956461094,0.960965927,1.191996665,1.323333167
2012,0.667815395,0.62031744,0.818540757,0.655189083,0.678304053,0.441971718,NA,1.52433618,0.567194024,0.567480832,0.745093092,0.870402489,0.778462439,0.610828294,0.616239634
2013,0.533114099,0.580394006,0.813743106,0.399704831,0.538487276,0.566772091,NA,1.083892601,0.321651191,0.416828655,0.76427578,0.728683516,0.491056973,0.060505573,0.96032173
2014,0.509592613,0.919264552,1.093134666,0.902889589,1.96905291,0.84803766,NA,1.247332661,0.515282992,0.753254533,0.837488658,0.647017178,NA,0.755071962,1.28429514
