,TMD01,TMD02,TMD03,TMD04,TMD05,TMD06,TMD07,TMD08,TMD09,TMD10,TMD11,TMD12,TMD13,TMD14,TMD15,TMD16,TMD17,TMD18,TMD19,TMD20
1685,0.333184831,NA,NA,0.910502677,NA,NA,NA,NA,NA,NA,NA,0.855525045,0.85752405,NA,NA,0.822772493,NA,NA,NA,NA
1686,0.321143017,NA,NA,0.780171243,NA,NA,NA,NA,NA,NA,NA,0.688258156,0.737974484,NA,NA,0.914232192,NA,NA,NA,NA
1687,0.177112243,NA,NA,0.883899014,NA,NA,NA,NA,NA,NA,NA,0.730256977,0.835773269,NA,NA,0.585438615,NA,NA,NA,NA
1688,0.213942855,NA,NA,0.762763681,NA,NA,NA,NA,NA,NA,NA,0.41140417,0.465592718,NA,NA,0.304268819,NA,NA,NA,NA
1689,0.554760974,NA,NA,0.999477165,NA,NA,NA,NA,NA,NA,NA,0.624152895,0.752596193,NA,NA,0.898242789,NA,NA,NA,NA
1690,0.393027986,NA,NA,0.751519089,NA,NA,NA,NA,NA,NA,NA,0.464684988,0.619716849,NA,NA,0.77477782,NA,NA,NA,NA
1691,0.482315311,NA,NA,0.996632832,NA,NA,NA,NA,NA,NA,NA,0.719872137,0.755516775,NA,NA,1.016720266,NA,NA,NA,NA
1692,0.271935512,NA,NA,0.692705969,NA,NA,NA,NA,NA,NA,NA,0.590373561,0.827898257,NA,NA,0.697238898,NA,NA,NA,NA
1693,0.587475125,NA,NA,1.336606059,NA,NA,NA,NA,NA,NA,NA,0.981276271,1.178689964,NA,NA,1.43947807,NA,NA,NA,NA
1694,1.143592101,NA,NA,1.03266057,NA,NA,NA,NA,NA,NA,NA,0.985706946,1.226085603,NA,NA,1.594215107,NA,NA,NA,NA
1695,0.814909944,NA,NA,0.783864941,NA,NA,NA,NA,NA,NA,NA,0.495252601,0.783464673,NA,NA,0.658472671,NA,NA,NA,NA
1696,1.141645486,NA,NA,1.042082738,NA,NA,NA,NA,NA,NA,NA,1.016462019,1.048220187,NA,NA,1.038029484,NA,NA,NA,NA
1697,1.486957939,NA,NA,1.278541367,NA,NA,NA,NA,NA,NA,NA,1.835899669,1.36680305,NA,NA,1.347457578,NA,NA,NA,NA
1698,1.324474617,NA,NA,1.230332363,NA,NA,NA,NA,NA,NA,NA,1.25951006,1.108086765,NA,NA,1.12903297,NA,NA,NA,NA
1699,1.157132064,NA,NA,0.997905467,NA,NA,NA,NA,NA,NA,NA,1.394791511,0.834879793,NA,NA,1.26200119,NA,NA,NA,NA
1700,1.963608605,NA,NA,1.558601278,NA,1.418248065,NA,NA,NA,NA,NA,1.852023736,1.452219268,NA,NA,1.44734565,NA,NA,NA,NA
1701,1.780750611,NA,NA,1.257382756,NA,1.056186689,NA,NA,NA,NA,NA,1.437556263,1.125707053,NA,NA,1.780566421,NA,NA,NA,NA
1702,2.634369827,2.619251651,NA,1.23209695,NA,1.123055966,NA,NA,NA,NA,NA,2.423602794,1.625192309,NA,NA,2.4360425,NA,NA,NA,NA
1703,1.595513434,1.370316039,NA,1.413920204,NA,1.182840027,NA,NA,NA,NA,NA,1.637851786,1.600991821,NA,NA,1.35529581,NA,NA,NA,NA
1704,2.389903188,0.503730484,NA,1.374485914,NA,1.298343988,NA,NA,NA,NA,NA,1.808307993,1.838387504,NA,NA,1.82146539,NA,NA,NA,NA
1705,1.29945122,1.14372185,NA,0.884976989,NA,0.859357954,NA,NA,NA,NA,NA,1.214420684,1.613047843,NA,NA,0.990775435,NA,NA,NA,NA
1706,1.100735974,0.772737582,NA,1.013871314,NA,0.936369062,NA,NA,NA,NA,NA,0.811049021,1.148855982,NA,NA,1.064587939,NA,NA,NA,NA
1707,0.578517809,0.746681177,NA,0.891177537,NA,0.799243177,NA,NA,NA,NA,NA,0.991404102,1.279059737,NA,NA,0.419862941,NA,NA,NA,NA
1708,0.87366981,1.056141503,NA,1.023970933,NA,0.94423306,NA,NA,NA,NA,NA,1.003459372,1.07661694,NA,NA,1.093046757,NA,NA,NA,NA
1709,0.722067653,0.913411053,NA,0.798815542,NA,1.01592694,NA,NA,NA,NA,NA,1.074575282,1.079139936,NA,NA,0.872623379,NA,NA,NA,NA
1710,1.177000042,0.977217201,NA,1.132640825,NA,0.922722426,NA,NA,NA,NA,NA,1.349050834,1.866780881,NA,NA,1.058466529,NA,NA,NA,NA
1711,1.081909647,1.116251382,NA,1.1660626,NA,0.946178878,NA,NA,NA,NA,NA,1.151490414,1.931091881,NA,NA,1.016518091,NA,NA,NA,NA
1712,1.282662197,1.204328121,NA,1.280370643,NA,1.950497372,NA,NA,NA,NA,NA,0.924362037,1.997885975,NA,NA,1.131644206,NA,NA,NA,NA
1713,0.979141185,1.010043902,NA,0.737895119,NA,1.230649313,NA,NA,NA,NA,NA,1.172049444,2.048364353,NA,NA,1.204984547,NA,NA,NA,NA
1714,0.789773651,0.944867561,NA,1.193177174,NA,1.90451938,NA,NA,NA,NA,NA,1.026511637,1.490057684,NA,NA,1.431526564,NA,NA,NA,NA
1715,0.629489044,0.939396014,NA,0.727440444,NA,1.161743501,NA,NA,NA,NA,NA,1.143487963,1.636966961,NA,NA,0.987550357,NA,NA,NA,NA
1716,0.874975937,0.851514532,NA,1.058820518,NA,0.900248529,NA,NA,NA,NA,NA,1.289778445,1.923682543,NA,NA,0.788214534,NA,NA,NA,NA
1717,0.678043384,0.841579669,NA,0.725930031,NA,0.587221853,NA,NA,NA,NA,NA,0.628553668,0.804445572,NA,NA,0.485288369,NA,NA,NA,NA
1718,0.499106256,0.851400826,NA,0.669314605,NA,0.187550983,NA,NA,NA,NA,NA,0.731273835,0.892164192,0.631927412,NA,0.600410175,NA,NA,NA,NA
1719,0.69698459,0.967792697,NA,0.91229188,NA,0.414046782,NA,NA,NA,0.975854668,NA,0.661500051,0.942152147,0.768136144,NA,0.597291009,NA,NA,NA,NA
1720,0.500469309,0.745342175,NA,0.594070808,NA,0.261006039,NA,NA,NA,0.728258329,NA,0.479721072,0.547539612,0.661531902,NA,0.368831115,NA,NA,NA,NA
1721,0.666648513,0.78487176,NA,0.741765932,NA,0.391165578,NA,NA,NA,0.669763658,NA,0.417417256,0.574700938,0.563317758,NA,0.772822518,NA,NA,NA,NA
1722,0.828759223,0.71319961,NA,0.64261377,NA,0.932835633,NA,NA,NA,1.147213806,NA,0.508386771,0.374075193,0.815112292,NA,0.968960628,NA,NA,NA,NA
1723,0.654964738,0.791989483,NA,0.81828612,NA,0.815203557,NA,NA,NA,0.70672159,NA,0.702133642,0.526220698,1.010738955,NA,0.699847745,NA,NA,NA,NA
1724,0.886411507,0.714828584,NA,0.963719292,NA,0.813750549,NA,NA,NA,0.843975107,NA,0.72676208,0.447814949,1.041607408,NA,0.593614109,NA,NA,NA,NA
1725,0.763657993,0.568795122,NA,0.739516489,NA,0.642219616,NA,NA,NA,0.559968044,NA,0.69272956,0.496982675,0.738269766,NA,0.606442275,NA,NA,NA,NA
1726,0.721516883,0.679926566,NA,0.7908126,NA,0.380235391,NA,NA,NA,0.653801026,NA,0.43324353,0.350368742,0.707222625,NA,0.420195402,NA,NA,NA,NA
1727,1.032510246,0.961675173,NA,1.007335016,NA,0.732292382,NA,NA,NA,1.258905739,NA,0.620571791,0.443876948,0.917072861,NA,0.566528976,NA,NA,NA,NA
1728,0.939354552,1.344299641,NA,0.959672735,NA,0.665446473,NA,NA,NA,1.540013071,NA,0.567118708,0.539866953,1.02986526,NA,0.462017346,NA,NA,NA,NA
1729,1.209826179,1.020119632,NA,1.078613666,NA,1.066575947,NA,NA,NA,1.353536442,NA,0.791194457,0.661173271,1.085166182,NA,0.785791273,NA,NA,NA,NA
1730,1.179361782,0.912074488,NA,0.97041594,NA,1.399509903,NA,NA,NA,1.284656921,NA,0.659127184,0.739423756,1.028457902,NA,1.107134589,NA,NA,NA,NA
1731,0.963892763,1.008481617,NA,0.941184782,NA,1.018653336,NA,NA,NA,0.797030336,NA,0.523598117,0.585438128,0.992340099,NA,0.65320031,NA,NA,NA,NA
1732,1.152542807,1.035589529,NA,1.235875198,NA,1.198043231,NA,NA,NA,0.992399933,NA,0.769556907,0.735631349,1.189824595,NA,0.966102176,NA,NA,NA,NA
1733,1.185778243,1.340774118,NA,1.177471553,NA,0.91549415,NA,NA,NA,0.80135619,NA,1.036198696,0.793451664,1.256431672,NA,0.970230705,NA,NA,NA,NA
1734,1.217557924,1.084759723,NA,0.985759658,NA,0.767982589,NA,NA,NA,1.047370457,NA,0.68631456,0.633330429,1.205051409,NA,0.99388938,NA,NA,NA,NA
1735,1.124785103,0.989631291,NA,1.022358598,NA,0.796809814,NA,NA,NA,1.043806497,NA,0.758210873,0.641529542,1.08156354,NA,1.097511484,NA,NA,NA,NA
1736,1.235359341,0.801490114,NA,0.808666903,NA,0.701509493,NA,NA,NA,1.400993219,NA,0.53172878,0.524783552,0.938099441,NA,0.9359631,NA,NA,NA,NA
1737,1.611790964,1.275218031,NA,1.243997483,NA,1.781153147,NA,NA,NA,1.561063474,NA,0.853833377,0.936288161,1.172326776,NA,1.17555228,NA,NA,NA,NA
1738,1.504772538,1.5357269,NA,1.433028597,NA,1.730848553,NA,NA,NA,1.761435185,NA,1.593728088,1.306636632,1.179484243,NA,1.289612405,NA,NA,NA,NA
1739,1.305733688,1.061830541,NA,1.016931184,NA,0.901563514,NA,NA,NA,1.194986483,NA,0.945998729,0.829932484,1.272432689,NA,1.386484097,NA,NA,NA,NA
1740,1.555433743,1.393129253,NA,0.961856206,NA,0.898655201,NA,NA,NA,0.804846166,NA,0.806737216,0.787505886,0.846951809,NA,1.678949894,NA,NA,NA,NA
1741,1.022341647,1.165760005,NA,0.686263168,NA,0.516032003,NA,NA,NA,0.53867987,NA,0.737256417,0.637553079,0.680498215,NA,1.04467611,NA,NA,NA,NA
1742,0.845579786,0.968141991,NA,0.690315803,NA,0.854632206,NA,NA,NA,0.578031132,NA,0.60314871,0.698854369,0.573402886,NA,0.953725223,NA,NA,NA,NA
1743,0.976896796,1.083765043,NA,0.648306679,NA,1.001565262,NA,NA,NA,0.819653189,NA,0.711586266,0.625446948,0.687350181,NA,1.343555863,NA,NA,NA,NA
1744,0.53084126,1.075804671,NA,0.548178324,NA,0.737371508,NA,NA,NA,0.80788323,NA,0.496577574,0.577670639,0.69402487,NA,0.994254065,NA,NA,NA,NA
1745,0.801104988,1.214927598,NA,0.969004304,NA,0.98829675,NA,NA,NA,1.068370182,NA,0.872359137,1.001663615,0.932235253,NA,1.16454133,NA,NA,NA,NA
1746,0.988231602,1.114803588,NA,0.970994025,NA,1.327068868,NA,NA,NA,0.855137504,NA,0.610954727,0.816112018,0.898105228,NA,1.617968954,NA,NA,NA,NA
1747,1.552115,1.762542262,NA,1.439992915,NA,1.39339799,NA,NA,NA,1.0545118,NA,1.078426698,1.223888646,1.590362524,NA,1.505167578,NA,NA,NA,NA
1748,1.419358002,1.364494566,NA,1.397981436,NA,1.355669766,NA,NA,NA,1.283399523,NA,1.120839729,1.180279642,1.322538237,NA,0.973040431,NA,NA,NA,NA
1749,1.19092134,1.027420678,NA,1.267541205,NA,1.193444902,NA,NA,NA,0.82091922,NA,1.267835349,1.281160877,1.177464857,NA,0.847484629,NA,NA,NA,NA
1750,1.623517385,1.002044193,NA,1.851851703,NA,1.186578188,NA,NA,NA,1.009686768,NA,1.394734519,1.148691967,2.029253362,NA,0.885297779,NA,NA,NA,NA
1751,0.927876692,1.101311949,NA,1.253038414,NA,0.680355169,NA,NA,NA,1.078230113,NA,1.116781592,1.340887385,1.115005539,NA,0.705438466,NA,NA,NA,NA
1752,1.378825921,1.268149595,NA,1.881989009,NA,1.568241645,NA,NA,NA,1.021317073,NA,1.992247003,1.628100652,1.63338805,NA,0.940024711,NA,NA,NA,NA
1753,1.245937361,1.043010878,NA,1.788862668,NA,0.984181064,NA,NA,NA,0.685072856,NA,1.34074349,1.281514753,1.367169455,NA,1.207870257,NA,NA,NA,NA
1754,1.059313369,1.041752657,NA,0.979065716,NA,0.968872696,NA,NA,NA,1.024557106,NA,1.036845664,1.019209404,0.880460204,NA,1.229082864,NA,NA,NA,NA
1755,1.241009978,1.095945201,NA,1.068360242,NA,1.398399635,NA,NA,NA,1.0180729,NA,1.29177161,1.438395757,1.115487572,NA,1.694180565,NA,NA,NA,NA
1756,0.765105858,0.654046877,NA,0.864153438,NA,0.648765744,NA,NA,NA,0.760357906,NA,1.083336251,0.949983024,0.700448484,NA,1.247390882,NA,NA,NA,NA
1757,0.596510557,0.397147967,NA,0.682307207,NA,0.756468264,NA,NA,NA,0.71786424,NA,0.679308955,1.603787989,0.606398906,NA,1.027310264,NA,NA,NA,NA
1758,0.645306486,0.467746072,NA,0.593164469,NA,0.803129921,NA,NA,NA,0.685286856,NA,0.752301634,1.267467805,0.678543127,NA,0.909078439,NA,NA,NA,NA
1759,0.552072011,0.596120675,NA,0.507493111,NA,0.601138257,NA,NA,NA,0.54668678,NA,0.751894209,0.691674697,0.531793165,NA,0.702026724,NA,NA,NA,NA
1760,0.68820944,0.582998365,NA,0.456049095,NA,0.74905349,NA,NA,NA,0.855053248,NA,0.53201903,0.801344658,0.791907296,NA,0.830416809,NA,NA,NA,NA
1761,0.77018481,0.7772289,NA,0.728627383,NA,0.831209324,NA,NA,NA,1.24339401,NA,0.968742016,0.948000563,0.829256507,NA,1.051590247,NA,NA,NA,NA
1762,1.099124313,0.990913301,NA,1.076773605,NA,1.110880918,NA,NA,NA,1.469548535,NA,1.552685883,1.201935428,1.207707407,NA,1.222192446,NA,NA,NA,NA
1763,1.030887272,1.24779739,NA,0.901747714,NA,1.396508645,NA,NA,NA,1.495474232,NA,1.331344308,1.53303434,1.356575483,NA,1.217299578,NA,NA,NA,NA
1764,0.763594503,0.959673992,NA,0.729792234,NA,0.809516931,NA,NA,NA,0.879419147,NA,1.18392337,1.131517028,0.944017892,NA,0.683777934,NA,NA,NA,NA
1765,0.908702149,1.199853503,NA,0.963574267,NA,1.170157183,NA,NA,NA,1.061364938,NA,1.40381151,1.471743472,1.080120979,NA,0.920917662,NA,NA,NA,NA
1766,1.137710289,1.014833588,NA,1.010586943,NA,1.135528382,NA,NA,NA,1.082683649,NA,1.181121637,1.093526937,1.179568054,NA,0.84392856,NA,NA,NA,NA
1767,1.091599406,0.98259999,NA,1.320602534,NA,1.141041538,1.180436288,NA,NA,1.187125944,NA,1.55028341,1.369896269,1.114755074,NA,1.294465016,NA,NA,NA,NA
1768,0.909231503,1.070709078,NA,1.152137713,NA,1.018309919,1.134130779,NA,NA,1.176269274,NA,1.343974023,1.354182165,1.040812768,NA,1.595901989,NA,NA,NA,NA
1769,0.624020272,0.824671552,NA,0.815805656,NA,1.052746807,0.989863038,NA,NA,0.752842354,NA,0.478775169,0.76452998,0.638124147,NA,0.76455157,NA,NA,NA,NA
1770,0.910853104,0.796426836,NA,0.867719702,NA,0.99376112,1.310334934,NA,NA,1.093078806,NA,1.32172539,1.243350689,1.10732441,NA,0.854014484,NA,NA,NA,NA
1771,1.344547435,1.04588485,NA,1.031385094,NA,1.07343838,1.374425227,NA,NA,1.427586731,NA,1.49201713,1.303506985,1.14953018,NA,1.676784744,NA,NA,NA,NA
1772,0.815719138,0.683586512,NA,0.664700333,NA,0.761777671,0.799305526,NA,NA,1.116097756,NA,0.829337246,0.72291899,0.689309586,NA,1.606388317,NA,NA,NA,NA
1773,1.303973765,1.091426733,NA,1.248602795,NA,1.179864548,0.961116623,NA,NA,1.689777201,NA,1.343526061,1.306861719,1.009297199,NA,2.298215162,NA,NA,NA,NA
1774,1.173357086,0.964977832,NA,1.392955614,NA,1.294979647,1.345767412,NA,NA,1.747513483,NA,1.252071571,1.578166662,1.24455191,NA,1.414444569,NA,NA,NA,NA
1775,0.972029613,0.951294293,NA,0.958348745,NA,1.209693431,0.940141936,NA,NA,1.171592721,NA,0.968812985,1.224794448,0.739648444,NA,0.927310631,NA,NA,NA,NA
1776,0.707044883,0.568010469,NA,0.738357885,NA,0.670258258,0.508120974,NA,NA,0.869987848,NA,0.64179668,0.773062326,0.55804263,NA,0.496638474,NA,NA,NA,NA
1777,0.769393338,1.284609316,NA,0.552708437,NA,1.022796465,0.695240451,NA,1.216470392,0.829894387,NA,0.84952247,0.829706697,0.791650871,NA,0.849912189,NA,NA,NA,NA
1778,0.64650081,1.281700467,NA,0.559191337,NA,1.028470858,1.081897471,NA,0.589494058,0.862863819,NA,1.003645268,0.665907541,0.877793227,NA,1.39661739,NA,NA,NA,NA
1779,0.72820121,1.038435666,NA,0.6151695,NA,1.042870713,1.158306216,NA,0.335262436,0.815749603,NA,0.932184418,0.541437604,0.966509547,NA,0.806965583,NA,NA,NA,NA
1780,0.816024512,1.330280186,NA,0.864975312,NA,1.298146659,1.809343818,NA,0.476227218,1.138414021,NA,1.059205336,0.733491609,1.246349461,NA,0.875047039,NA,NA,NA,NA
1781,1.182477982,1.454586217,NA,1.324410129,NA,1.345443164,1.675997681,NA,0.631987669,1.349054016,NA,1.447235634,0.931212128,1.575714017,NA,1.23013391,NA,NA,NA,NA
1782,0.725536617,0.818403962,NA,0.750591817,NA,0.917561616,1.088752688,NA,0.435810555,0.191332208,NA,0.842617214,0.141804914,0.636313915,NA,0.583216854,NA,NA,NA,NA
1783,0.394641808,0.533740158,NA,0.494768946,NA,0.51600756,0.454578084,NA,0.504177307,0.460557222,NA,0.32994324,0.287775313,0.632805096,NA,0.004991665,NA,NA,NA,NA
1784,0.647987765,0.968722638,NA,0.718323623,NA,0.921151982,1.011917549,NA,0.40668578,1.085112522,NA,1.016504725,0.875517272,1.069646853,NA,0.563791427,NA,NA,NA,NA
1785,0.679816056,0.948030885,NA,0.556655536,NA,0.623851559,1.012234575,NA,0.409636759,0.936275362,NA,0.726190508,0.345078971,0.933888141,NA,0.526076337,NA,0.688816445,NA,NA
1786,0.645490949,1.03259414,NA,0.724055963,NA,0.577190596,0.722930563,NA,0.617487405,0.808091254,NA,0.932518098,0.649101896,1.04137643,NA,0.323835717,NA,0.533161969,NA,NA
1787,0.697420521,0.780760556,NA,0.468873749,NA,0.86432488,0.82365317,NA,0.541547896,0.741806905,NA,0.612823447,0.404310882,0.856431541,NA,0.387398205,NA,0.391860819,NA,NA
1788,0.745537783,1.018460735,NA,0.592085912,NA,0.87872532,0.893240166,NA,0.985767584,0.873184096,NA,0.76848933,0.460065837,0.93398232,NA,0.510400185,NA,0.900207182,NA,NA
1789,1.203300819,1.07591563,NA,1.011004261,NA,0.987031883,1.247598304,NA,1.126929002,1.115894629,NA,0.861450078,0.620012307,1.383221515,NA,0.871072732,NA,1.253437237,NA,NA
1790,1.220156589,1.342486083,NA,1.07804755,NA,1.006729951,0.920496755,NA,1.123553454,1.159618461,NA,0.826638487,0.678408438,1.089105033,NA,1.128918623,NA,1.163854559,NA,NA
1791,1.158106636,1.278911212,NA,1.307118626,NA,0.919409229,0.949711559,NA,1.439829486,1.196877543,NA,0.973521591,1.158744944,1.241431715,NA,1.032570313,NA,1.140486599,NA,NA
1792,1.329617795,1.20779336,NA,1.199518954,NA,1.43658103,1.186474414,NA,1.150756692,1.038683193,NA,1.010912668,0.796830668,1.107960659,NA,1.116565138,NA,0.790656015,NA,NA
1793,1.711362396,1.404878471,NA,1.614916027,NA,1.504437323,1.18489317,NA,1.086541826,1.376074304,NA,1.304250749,1.07080753,1.31419639,NA,0.759407789,NA,1.068462281,NA,NA
1794,1.116950018,1.213646578,NA,1.140737694,NA,1.144839898,0.6260973,NA,1.040740082,1.013394102,NA,0.945818595,1.240278515,0.863111205,NA,1.031808053,NA,0.792161792,NA,NA
1795,0.737645457,0.537771494,NA,0.826506026,NA,0.740098772,0.380164274,NA,0.759469899,0.45015764,NA,0.570319631,0.542764602,0.148957306,NA,0.525072498,NA,0.851191785,NA,NA
1796,0.766355363,0.53132567,NA,1.071876031,NA,1.276371133,0.662811541,NA,0.907267469,0.815940118,NA,0.996744565,1.037295423,0.304398023,NA,0.400275944,NA,1.068342942,NA,NA
1797,0.707736901,0.503889908,NA,0.786525525,NA,0.692653363,0.416862607,NA,0.624932013,0.584554414,NA,0.91885931,0.713438238,0.532989151,NA,0.270858733,NA,1.004137087,NA,NA
1798,0.759995612,0.656647648,NA,0.927707054,NA,0.935797559,0.427651593,NA,0.742875483,0.644598614,NA,0.848956461,0.882135069,0.59668378,NA,0.823582309,NA,0.862265968,NA,NA
1799,0.552202096,0.448709753,NA,0.681864932,NA,0.288657396,0.593431838,NA,0.592133766,0.390514649,NA,0.573394363,0.498208124,0.455199831,NA,0.006945699,NA,0.666377272,NA,NA
1800,0.625309165,0.414188429,NA,0.801957656,NA,0.663437051,0.514477713,NA,0.651526864,0.502814121,NA,0.738739286,0.63488915,0.505747521,NA,0.491287568,NA,0.415330943,NA,NA
1801,1.318412146,0.979523278,NA,1.186632284,NA,1.166632348,1.00055762,NA,0.940013344,1.189195,NA,1.306739924,0.992063367,1.210818643,NA,1.062123559,NA,0.905703594,NA,NA
1802,1.068385073,1.048433285,NA,1.217424941,NA,1.007272081,1.319182079,NA,1.158316632,1.048903816,NA,1.092810805,0.936032949,1.149313023,NA,1.212557604,NA,1.06797383,NA,NA
1803,0.966074765,1.004525347,NA,1.231153024,NA,0.696676846,1.185511797,NA,0.909557623,1.134299509,NA,0.86942774,1.08236042,1.273931499,NA,0.573904502,NA,1.212975996,NA,NA
1804,1.247554057,1.411855269,NA,1.407444397,NA,0.75720642,1.18395437,NA,1.17787615,1.237690464,NA,1.232885888,1.270188735,1.511737542,NA,1.00857019,NA,1.458925707,NA,NA
1805,0.893776583,0.735956019,NA,1.113909784,NA,0.601664082,1.405622406,NA,0.922826626,1.133133213,NA,0.968128625,0.808806144,1.434683607,NA,0.794588431,NA,1.274809542,NA,NA
1806,1.355485912,1.239049089,NA,1.337294161,NA,0.874639638,1.401871102,NA,0.94615089,1.259336651,NA,1.470058125,1.296560493,1.281878688,NA,1.084850541,NA,1.017850869,NA,NA
1807,1.018362433,1.086819787,NA,1.277302529,NA,1.079644383,1.082119643,NA,1.133735654,0.854243719,NA,1.021048972,0.710374071,0.832156472,NA,1.15692127,NA,0.838822196,NA,NA
1808,1.368481978,1.029142989,NA,1.119339473,NA,0.776981775,1.140580532,NA,0.96180949,1.158063979,NA,0.914937384,0.78464624,1.081567672,NA,0.866297672,NA,1.014897757,NA,NA
1809,1.610495269,1.22717958,NA,1.261096825,NA,0.87459561,1.238103803,NA,1.066767135,1.151117932,NA,1.393059436,1.243077504,1.287503524,NA,1.223647769,NA,1.225065079,NA,NA
1810,1.256005726,1.055883088,NA,1.007456472,NA,0.949582742,0.990781248,NA,1.353955569,1.058965481,NA,1.022889189,1.258181732,1.086665113,NA,1.290167343,NA,0.991583976,NA,NA
1811,1.363592895,1.348825054,NA,1.274747457,NA,0.961559326,0.963213448,NA,1.255261347,1.259285821,NA,1.166328474,0.855051775,1.555922087,NA,0.855442463,NA,1.466914261,NA,NA
1812,0.742226018,1.114446293,NA,0.875595952,NA,0.932488895,0.850407684,NA,1.131085347,0.923113255,NA,0.935339163,0.888539677,0.876608156,NA,1.062264051,NA,0.990706776,NA,NA
1813,1.009191534,1.145968312,NA,0.957616339,NA,1.044284956,1.088310711,NA,1.228034525,1.228868371,NA,0.995176726,0.927572127,1.028151387,NA,0.983838312,NA,1.129557243,NA,NA
1814,1.184316869,1.340789681,NA,1.463861771,NA,0.954831148,0.973839621,NA,1.429611399,1.162725935,NA,1.196165894,1.379454265,1.29229419,NA,1.253930473,NA,1.33420982,NA,NA
1815,0.861394885,1.131032025,NA,0.986233436,NA,0.807784673,0.699760858,NA,1.192940006,0.851777898,NA,0.898839146,0.983272251,0.809361374,NA,1.103837971,NA,0.920304582,NA,NA
1816,1.190678041,1.183414156,NA,0.828186354,NA,0.878059861,0.827478986,NA,1.109503603,1.143202814,NA,0.840398905,1.164102616,0.872160402,NA,1.023923848,NA,1.388854986,NA,NA
1817,0.932422638,1.209593185,NA,0.985564751,NA,1.024183825,0.769910046,NA,0.946723667,1.089694437,NA,0.961537273,1.135729152,0.890417865,NA,1.214712682,NA,0.879434099,NA,NA
1818,1.065837698,1.120979327,NA,0.901531658,NA,1.416224097,0.948856805,NA,1.084097578,1.402071792,NA,1.043849208,1.441422554,1.135726514,NA,1.266599864,NA,1.000448951,NA,NA
1819,1.124413488,1.366973651,NA,1.264356841,NA,1.649079643,1.377677694,NA,1.441585784,1.389929788,NA,1.353102345,1.771485492,1.172977609,NA,1.842526898,NA,1.154498604,NA,NA
1820,1.123594535,1.18319825,NA,1.004244238,NA,1.10772847,1.055100628,NA,1.176370953,1.163046451,NA,0.755882224,1.256981058,0.9102704,NA,1.103525479,NA,1.056051634,NA,NA
1821,1.132785311,1.176828779,NA,1.084728485,NA,1.376314641,1.27798583,NA,1.200579677,1.154517795,NA,0.991323578,1.263036558,1.306861193,NA,2.879714051,NA,1.55949977,NA,NA
1822,1.447852716,1.436759031,NA,1.458245011,NA,1.971638474,1.443698859,NA,1.586187188,1.393855219,NA,1.531616693,2.146988232,1.430377067,NA,2.45892416,NA,1.009875794,NA,NA
1823,0.735109361,0.755215185,NA,0.597191867,NA,0.931167593,0.736092106,NA,1.007400966,0.441546256,NA,0.514590759,0.734842256,0.581180176,NA,0.931237031,NA,0.97676158,NA,NA
1824,0.495873948,0.71179686,NA,0.678919865,NA,0.814216935,0.7875513,NA,0.672405103,0.801040881,NA,0.672712739,0.715540019,0.866070418,NA,0.794222659,NA,1.001535184,NA,NA
1825,1.157861974,0.988681567,NA,1.906132094,NA,1.34497175,1.327742399,NA,1.30725426,1.044114761,NA,1.41088999,1.35936213,1.493108386,NA,1.26178794,NA,1.456327484,NA,NA
1826,1.028636052,0.952582883,1.065947468,1.175756227,NA,1.439841454,1.396262442,NA,1.60792786,0.945448289,NA,1.246803788,1.178571212,1.001289195,NA,1.417369862,NA,1.531120445,NA,NA
1827,0.778404828,0.682323165,0.684644176,0.614782322,NA,0.792995528,0.762071017,NA,1.172990307,0.681374099,NA,0.787041241,0.749416023,0.829975199,NA,0.812156524,NA,0.821817279,NA,NA
1828,1.072272524,0.693828875,1.066823011,1.054450773,NA,0.85610892,0.877507363,NA,1.112083618,0.837634326,NA,0.967826466,1.059142209,1.12872794,NA,1.138973702,NA,0.975739592,NA,NA
1829,1.060953017,0.805059194,0.610458442,1.209650967,NA,0.935499694,1.097188223,NA,1.106316539,1.117813332,NA,1.120791379,0.969323027,1.294246901,NA,1.005678733,NA,1.329932861,NA,NA
1830,0.937184197,0.851173688,1.528864864,0.763171498,NA,0.84178716,0.940973963,NA,1.151430785,0.875009899,NA,0.914435411,0.785581229,0.804246163,NA,0.547798013,NA,1.102456606,NA,NA
1831,0.676297808,0.736631505,1.072332175,0.623112706,NA,0.511117839,0.797682876,NA,1.051173396,0.844210804,NA,0.673022838,0.597983348,0.633958951,NA,0.536767027,NA,0.665781894,NA,NA
1832,0.879045388,0.752860813,1.326463553,0.873196927,NA,0.844889364,1.412362445,NA,1.066438523,1.065087349,NA,1.212515503,0.976626775,0.922827764,NA,0.627131406,NA,1.268972219,NA,NA
1833,1.125551274,0.871451805,1.198114483,1.20954642,NA,1.25706991,1.272657899,NA,1.091026842,0.980481417,1.110283443,1.304874897,1.179057845,1.025090488,NA,0.729834697,NA,1.120158964,NA,NA
1834,0.844910371,0.79079486,0.724202805,0.950201051,NA,0.781457374,1.076936277,NA,1.006133067,0.802481303,0.746974307,0.896135849,0.858116609,0.787563574,NA,0.53580901,NA,1.006860001,NA,NA
1835,1.083053021,0.937175171,0.762022671,0.968962919,NA,1.022706893,1.252983648,NA,1.111037747,1.082504824,0.814794119,0.980986624,0.960688774,0.989828528,NA,0.255788441,NA,1.037713069,NA,NA
1836,1.153565463,0.803977996,1.0540033,0.765337793,NA,0.851059922,1.022866031,NA,0.870330296,0.786808505,1.027325142,0.877834759,0.865764995,0.927325185,NA,0.493211599,0.998506558,1.071547326,NA,NA
1837,1.495381813,0.485693574,1.546315832,0.835838846,NA,1.023157693,1.148769932,NA,0.863369529,1.159829456,1.419508592,1.393939977,1.222970781,1.23731512,NA,0.891677537,1.309731606,1.029340648,NA,NA
1838,1.350279674,0.536945432,1.484479263,1.064133995,NA,1.337754695,1.27768116,NA,0.922347573,1.412173801,1.373822302,1.577344259,1.647654823,1.255040449,NA,1.398816824,1.794543925,1.387479976,NA,NA
1839,1.924598691,1.046758361,2.056665339,1.717665891,NA,1.503753147,1.679247002,NA,1.275386309,2.065216458,1.52891479,2.420729913,2.107272195,1.734300229,NA,2.379949216,2.88083525,2.323721804,NA,NA
1840,0.852070937,0.808306168,1.111893585,1.002509324,NA,0.794005607,0.939144729,1.017401972,1.083673178,1.035441203,0.870683703,0.90405673,0.748624814,1.007810309,NA,0.889995177,0.740079528,0.84311938,NA,NA
1841,1.094958014,0.640572361,1.12224103,1.203068681,NA,1.576562638,1.267378444,1.381708356,1.110165114,1.325093041,1.040424663,1.175647049,1.211687442,1.205032696,NA,1.22219619,1.799945172,1.723910898,NA,NA
1842,0.828303701,0.395638683,0.653405721,0.877744403,NA,0.610498074,0.542372899,0.658159195,0.625168534,0.613651094,0.59991875,0.786776002,0.623536883,0.558122965,NA,0.711099928,0.90390891,0.806961867,NA,NA
1843,0.922922579,0.464169477,0.889322594,1.075436377,NA,1.18137751,0.920518932,1.211328421,0.480973792,0.797762849,1.11394246,1.066461092,0.821206121,0.748841761,NA,1.174148493,1.242047013,1.027106459,NA,NA
1844,0.912094109,0.960426365,0.645909785,1.145241717,NA,1.018869525,0.658945502,0.398258392,0.600738468,1.064810859,0.966559961,0.538038871,0.562503003,0.779235454,NA,1.132498705,0.835220024,0.401481065,NA,NA
1845,0.971872661,1.598929032,0.841176876,1.106175734,NA,1.011950011,0.613623039,0.577809586,0.552995516,1.169184341,1.02501557,0.861627721,1.473695594,0.916596761,NA,0.991332117,1.225431151,0.409644694,NA,NA
1846,0.865922861,2.381877802,1.173375561,1.229135791,NA,1.066083543,0.894467762,0.578419444,0.569576079,1.326396506,1.169086624,1.293003698,1.095754209,0.794704279,NA,1.182069395,1.141867027,0.429148515,NA,NA
1847,0.504642918,1.532219385,0.59307211,0.704758813,NA,0.529509163,0.397295264,0.337294795,0.334332284,0.626620305,0.919112897,0.909058036,0.454521396,0.895496391,NA,0.284255154,0.14864399,0.195055907,NA,NA
1848,0.638145585,1.404326472,0.69405851,0.676267482,NA,0.66130437,0.515525558,0.557336939,0.34234167,0.7310935,0.992165309,0.831498095,0.62571407,0.708406178,NA,0.552406397,0.350286796,0.488889402,NA,NA
1849,0.542832803,1.469326018,0.511095853,0.302584493,NA,0.313575196,0.503266483,0.431049061,0.254279453,0.363053525,0.819706684,0.43065914,0.461812395,0.468097876,NA,0.357372762,0.219427027,0.216560176,NA,NA
1850,0.635294716,1.387634411,0.53054269,0.451234769,NA,0.356073727,0.532945256,0.630250317,0.313985502,0.413427304,0.696832731,0.525614555,0.622233382,0.44698929,NA,0.434990089,0.235671506,0.131827405,NA,NA
1851,0.925794646,1.318791164,0.965835933,0.644719041,NA,0.869812915,0.644956469,0.869769557,0.626320996,0.559870896,0.561268625,0.529207123,0.688653776,0.588407183,NA,0.641316981,0.305407382,0.283563759,NA,NA
1852,0.716122948,1.132991149,0.6011096,0.595581976,NA,0.791154894,0.63414244,0.814394605,0.992764325,0.619939851,0.551530807,0.680088376,0.390534327,0.538840272,NA,0.754294863,0.409297173,0.316824759,NA,NA
1853,0.792507863,0.919853209,0.834824984,0.611877991,NA,1.048465456,0.63656809,0.91527588,0.988958602,0.955289815,0.656326195,0.705049176,0.718416412,0.581755359,NA,0.896163993,0.387644427,0.447847519,NA,NA
1854,0.834781212,0.410927834,0.794378111,0.835389828,NA,0.955413414,0.741748238,0.97240964,1.000644764,0.844279131,0.744621237,0.59338208,0.814779728,0.746536298,NA,0.875821806,0.592952318,0.513879219,NA,NA
1855,0.898756663,0.507920709,0.949013012,1.054841112,NA,1.640822735,0.937640113,1.092383743,1.229733249,1.049542944,1.285928359,0.558530568,0.849402289,0.937406563,NA,1.053031097,0.724709989,1.000844891,NA,NA
1856,0.910056152,0.55695857,0.914078638,1.085905825,NA,1.731993187,1.087078016,1.022422798,1.208040626,0.799118593,1.574904848,0.672555581,1.163617156,1.113608188,NA,1.262414004,0.733868377,0.823664556,NA,NA
1857,1.179339535,1.069850563,1.259673824,1.509922739,NA,1.822537437,0.963472362,1.344652526,1.127343849,1.201473073,1.043247869,1.211982498,1.172184638,1.387505583,NA,1.434801873,1.063172466,1.043843299,NA,NA
1858,1.122798329,1.150335803,1.219609326,1.627103792,NA,1.629197717,1.172446786,1.358025169,0.913263447,1.334688433,1.155660735,0.933551487,1.235517589,1.699348605,NA,0.948404076,1.451421049,1.023950787,NA,NA
1859,0.879952147,1.091371613,1.045991485,1.147039078,NA,1.240705748,0.758741063,1.315227187,1.060642696,1.127806792,0.732527554,0.965395219,1.052742993,0.895297607,NA,1.14754582,0.840950723,0.787097063,NA,NA
1860,1.187292117,1.30386546,1.44620179,1.454344446,NA,1.543770437,1.316373179,1.761410461,1.308786608,1.166650537,1.154519921,0.865989168,0.750495789,1.839389339,NA,1.449102617,0.961410636,1.227821682,NA,NA
1861,1.161025615,1.288248007,1.21862901,1.922576255,NA,1.495072653,1.319658247,1.412031969,1.322935767,1.163763658,0.88108821,1.342082982,1.213171054,1.478658983,NA,1.233375965,0.885566629,1.255387709,NA,NA
1862,1.370230726,0.856847453,0.978311279,1.544577829,NA,1.113087586,1.292071625,1.259713943,0.917055602,0.780059455,0.880124535,0.776157448,0.868675338,1.090693273,NA,0.829989126,1.161295623,0.733177701,NA,NA
1863,1.294392079,1.120975119,1.261214759,1.971492219,NA,0.914537527,1.123420091,1.53637343,1.245387174,1.22845058,0.975906559,1.120275619,1.290933596,1.178113763,NA,1.193437747,1.273035229,0.944352114,NA,NA
1864,1.313183635,0.853194255,1.158015707,0.911789126,NA,1.021290604,1.258988597,1.437042057,1.072804417,1.064658219,1.073100617,1.037698258,0.737281285,1.521550475,NA,1.1577428,0.745279277,0.866040508,NA,NA
1865,0.928119227,0.980229748,0.966804038,0.859508574,NA,0.934788128,1.334711812,1.394721781,1.209567454,1.285244328,0.857173542,1.007258575,1.359224486,1.335906608,NA,1.159766169,0.843647426,0.990374724,NA,NA
1866,1.127638234,1.05643431,1.196190981,1.169271212,NA,1.095450437,1.315519866,1.414188861,1.36833905,1.096854583,1.093537633,1.112529039,2.359450854,1.464998019,NA,1.090120637,1.197169355,1.064887024,NA,NA
1867,1.303638484,0.900597426,0.835443868,0.637656176,NA,0.77745176,1.100771837,1.226701756,1.129452717,0.819824508,0.866380426,0.764231186,1.249895939,1.398194155,NA,0.788284865,0.988152979,0.817404475,NA,NA
1868,1.325557995,1.060744667,1.146124269,0.695685379,NA,0.855890216,1.403069127,1.445621336,1.419928697,1.022682563,1.150681237,0.870563639,1.33394124,1.578430962,NA,1.707999084,1.33139411,0.863109072,NA,NA
1869,0.943275279,0.945252719,0.738190511,0.756716229,NA,0.460050367,0.837590858,1.025899527,1.123311592,0.61633521,0.762267234,0.763614583,0.990638992,0.802522121,NA,0.703612057,0.964791775,0.571932364,NA,NA
1870,0.760964207,0.962321276,0.880722196,0.835223577,NA,0.66028315,1.028459579,1.083739014,1.053633248,0.925008823,0.784577157,0.956568344,1.024973017,1.030134952,NA,0.951387866,1.054599071,0.816724741,NA,NA
1871,0.601681248,0.674328365,0.566569645,0.643206469,NA,0.375707961,0.788169464,0.872108559,0.773020125,0.526533252,0.57660411,0.556793416,0.62146868,0.613630887,NA,0.600060753,0.542599454,0.534295374,NA,NA
1872,0.530269066,0.724711657,0.723588416,0.496834414,NA,0.401421798,0.69221969,0.516597961,0.7053178,0.368708382,0.871810371,0.503091443,0.495716415,0.622070351,NA,0.526022493,0.508151082,0.524860102,NA,NA
1873,0.657829829,0.786599191,1.057150218,0.628498684,NA,0.605588967,0.822059467,1.005918812,0.670141262,0.432954279,1.556849372,0.624142349,0.643966018,0.753981338,NA,0.747465185,0.683838539,0.753013356,NA,NA
1874,0.632121984,0.749543303,1.119245581,0.613581926,NA,0.734605951,0.901538491,1.318969366,0.921725993,0.409167343,1.135051633,0.762033006,0.638818401,0.605463909,NA,1.277440158,0.552037955,0.804528099,NA,NA
1875,0.690576611,0.843423857,1.131907326,0.741349141,NA,0.644975962,0.800890601,1.226414717,1.031362099,0.749559409,1.289237988,0.794810663,0.633536256,0.857217457,NA,1.203096959,0.982858263,0.90959982,NA,NA
1876,0.655518732,0.773754773,1.113646962,0.759348621,NA,0.838057454,0.922018271,1.133544679,0.975203438,0.885352412,1.150077803,0.7586539,0.005982126,0.827284068,NA,0.908999175,0.891384767,1.198863335,NA,NA
1877,0.945418514,1.386756908,1.411121771,1.15389864,NA,1.328414836,1.231538539,1.285879696,1.263263978,1.304178336,1.450173712,1.066527389,0.800604207,1.041963258,NA,0.943283602,1.938121765,1.538406263,NA,NA
1878,0.967674538,1.122294676,1.273911339,1.097777298,NA,1.204539915,1.131635835,0.998807436,1.11074608,1.203939551,1.393266553,1.046977634,0.911145279,0.896899508,NA,0.731112838,1.376199561,1.226611058,NA,NA
1879,1.1401306,1.211092542,1.688903932,1.335202233,NA,1.436458082,1.281122904,1.27460735,1.264032492,1.472750561,1.141561431,1.440436137,0.992721526,1.052826106,1.394281785,1.149369205,1.782274515,1.592432899,NA,NA
1880,0.833980231,0.983599402,1.235021362,0.956710151,NA,1.223671311,1.084562994,1.160387482,1.02671979,1.056563949,0.880862603,1.05990729,0.721373201,0.632110472,1.020373254,1.108364216,1.570965938,1.464749335,NA,NA
1881,1.215148305,1.123616833,1.429287185,1.488348968,NA,1.453040842,1.342164457,1.232547211,0.934721002,1.326062352,1.104861449,1.381132907,1.309729468,1.081265466,1.267787029,1.205503916,1.544071187,1.610739303,NA,NA
1882,0.847748244,1.046425011,1.226811495,1.337424761,NA,1.173071239,1.148692588,1.090141286,1.158373011,1.379207434,0.997724033,1.5309307,0.95888792,1.187486556,0.973682922,1.610602493,1.747701319,1.144907701,NA,NA
1883,0.670918972,0.862352639,0.86978645,0.92738353,NA,0.977809809,1.15919711,0.853485297,1.035816153,0.98757173,0.865662428,0.927563163,0.675006855,0.937295818,0.655230438,0.763365379,0.961545791,0.869633851,NA,NA
1884,0.573612742,0.889515765,0.68684614,0.751534565,NA,0.627700419,1.047556284,0.777751406,0.922592659,0.517683516,0.934587081,0.827666781,0.471811101,0.812962255,0.664809651,0.336961055,0.451863714,0.710317579,NA,NA
1885,1.487891301,1.638559622,1.37322351,1.283227829,NA,1.379302942,1.479207772,1.501241792,1.240158665,1.225678073,1.392990759,1.684579169,1.351098618,1.665578631,1.637321329,1.131447212,1.370172232,1.187704963,NA,NA
1886,1.075110218,1.220632805,1.163506246,0.758909898,NA,0.808270934,1.212896476,1.095803443,1.221346507,1.147461751,1.053371608,1.304294842,0.950613346,0.821002371,1.098999744,0.977596391,0.630596549,1.026183945,NA,NA
1887,0.96554945,1.065042253,1.079731698,0.657954984,NA,0.854029456,1.139060948,1.138104315,1.023501133,0.765604801,1.098064914,0.518117077,0.724388208,0.661654059,1.028208475,0.844954427,0.613852376,1.139722421,NA,NA
1888,1.167271996,1.112117125,1.083697334,1.136667575,NA,1.120921348,1.195006506,1.220596018,1.042073553,1.122973871,1.409229234,0.945395814,0.938018122,0.964800235,1.245402369,1.11318863,0.938868737,1.426606666,NA,NA
1889,1.097567344,0.765495653,0.857002576,0.790925454,NA,1.017706918,0.964615732,0.911294748,0.945083582,1.092731897,0.902692212,1.272095077,1.201260113,1.019371988,0.809443503,0.849294229,0.969010673,1.14357445,NA,NA
1890,0.867315055,0.867999482,0.621861184,0.515287811,NA,0.494326926,0.945512064,0.447730639,0.88638905,0.773395822,0.779575287,0.545476212,0.845185719,1.24141625,0.612501595,0.39931665,0.637882159,0.66840303,NA,NA
1891,0.826582557,1.099536782,0.777076732,0.630881794,NA,0.674471945,0.905815467,0.393324678,0.865946789,0.97202445,0.803372342,0.854045831,0.913046912,1.021096697,0.798885249,0.688679827,0.574158156,0.961924497,NA,NA
1892,0.866537782,1.104588213,0.711188739,0.526521502,NA,0.617170307,0.661431693,0.25057874,0.755806019,0.855805277,0.701531292,0.821123701,0.838866884,0.739258302,0.534309134,0.560907673,0.654001489,0.951967856,NA,NA
1893,0.851271207,0.908885758,0.719638539,0.561584474,NA,0.692957597,0.6760995,0.252389577,0.721363502,0.785335844,0.439054672,0.870127991,0.87495178,0.769986733,0.679039522,0.575501681,0.768525427,0.97099868,NA,NA
1894,0.827618458,1.038538939,0.716711842,0.654168324,NA,0.618108702,0.717120966,0.206860099,0.811797608,0.712145652,0.537137537,0.94846453,0.801587303,0.991252583,0.721697995,0.681813499,0.952504739,0.903928127,NA,NA
1895,0.841001991,1.054438088,0.909928081,0.783273162,NA,0.681389696,0.653455146,0.345072723,0.85556183,0.867533722,0.731572055,1.023820462,0.88492991,0.924959666,0.583251321,0.551466248,0.865697621,0.844587481,NA,NA
1896,0.583585561,0.820467709,0.540324317,0.564290792,NA,0.511991627,0.591982687,0.347254294,0.756734128,0.562714549,0.602781109,0.754582102,0.628530684,0.598929567,0.559263384,0.488316815,0.454018873,0.586201098,NA,NA
1897,0.86071488,0.828701627,0.906568825,0.694461676,NA,0.593025789,0.687452569,0.505939321,0.638297386,0.467015746,1.043446582,0.556596719,0.714054947,0.780371734,1.147868588,0.449708092,0.602585033,0.822448172,NA,NA
1898,1.373214503,1.312539119,1.246662077,1.420402122,NA,1.052048249,0.908004826,0.654197489,0.981196831,0.926909292,1.381085099,1.322431688,1.173661725,0.945693402,1.194344913,1.002495512,0.992342322,1.254141862,NA,NA
1899,0.954530962,0.856396214,0.786767148,0.910486461,NA,1.189781481,0.984889284,0.718632933,0.851330138,0.842813522,1.173306422,1.097174075,0.918288308,0.962556387,0.880249114,1.073047221,0.781584956,1.536423638,NA,NA
1900,1.579715135,1.390364697,1.282325596,1.670795867,NA,1.803897364,1.2079832,1.248761859,1.210560477,1.294658694,1.498852781,1.499257013,1.537983222,1.512852225,1.447995934,1.657451144,1.488968229,1.627589451,NA,NA
1901,1.39696154,1.19321401,1.212643857,1.501565049,1.362041417,1.664166704,1.254164737,1.113393819,1.35586341,1.458863746,1.146856127,1.363294659,1.25460568,1.257855945,1.268677937,1.628609066,1.118995611,1.31277175,NA,NA
1902,1.360326506,1.15944036,1.171470647,1.317418164,1.00760708,1.65464411,1.094358559,1.097752063,1.267669551,1.349841697,1.366668192,1.256056451,1.041981822,1.02084345,1.518470899,1.831118319,1.04772808,1.147211433,NA,NA
1903,1.231170244,1.053562821,1.235201531,1.313507358,0.81213777,1.051217336,0.949092792,1.144096208,1.169758954,1.098858066,1.211534272,0.930803108,0.74758774,0.678667598,1.26212312,1.284649412,1.522768887,0.909872892,NA,NA
1904,1.224253028,1.076225922,1.077619224,1.695098891,1.035069631,1.224553933,1.233636691,1.398353632,1.268473913,1.392490604,1.239390805,1.718049542,1.370035673,1.212491616,1.19476684,1.595293939,1.316062872,1.183778623,NA,NA
1905,1.283080531,0.879178342,1.041680032,1.183467414,0.913105776,1.32290558,1.173151771,1.350034837,1.372835439,1.377524334,1.558381648,1.401964406,1.136094744,1.066956158,1.196977059,2.094027533,1.246609125,1.266336652,NA,NA
1906,1.152471163,0.790108158,1.059013032,1.102076839,0.939064163,1.217803687,1.165366591,1.439811355,1.118454265,1.525622725,1.14731558,1.258151478,1.11137774,0.908880474,1.081122509,1.880953652,1.585698693,1.071205865,NA,NA
1907,1.045351317,0.750992673,0.890676697,0.853417343,0.831923308,1.094808684,0.941676205,0.971885993,0.892167866,0.966304629,0.840501827,1.414422183,0.840599636,0.76801151,0.74360461,1.301286368,0.758862797,0.958486307,NA,NA
1908,1.361802108,1.065420603,1.27872804,1.244897259,1.103857315,1.415132816,1.409018032,1.154401127,1.145071942,1.311663116,1.136468191,1.85624681,1.227110205,0.98561084,1.311965531,2.028716431,1.314575685,1.2701037,1.602977833,NA
1909,1.335236867,0.969228892,1.177686896,1.427826724,0.915364131,1.352497055,1.191738574,1.039647027,0.962092982,1.625392959,1.158916155,1.567616679,1.21614991,1.295221171,1.3152783,1.628616945,1.338736399,1.377256488,1.344962142,NA
1910,1.042916585,1.108813705,1.172904278,1.147640012,0.827229537,1.061948913,0.895322569,0.823482192,0.961121352,1.385248379,0.87054767,1.487174064,1.139492996,1.142920741,0.875064709,1.036304176,0.954610067,0.998021575,0.804657523,NA
1911,1.158086665,0.916789104,1.040596218,0.864613675,0.815516534,0.958492753,0.845900517,0.903594719,1.177797834,0.986291148,0.896020479,1.24739727,1.104943302,0.87308649,0.893667632,0.993530311,0.649237988,0.914828212,0.883030459,NA
1912,1.294745391,0.932186837,1.181092878,1.064533129,1.017361438,1.317812839,1.013472941,0.93676921,1.107233593,1.081092948,0.824010372,1.168185391,1.081140946,0.947185701,1.529131493,0.851208354,1.462080196,1.156359505,1.064625027,NA
1913,1.836394239,1.194917338,1.48375898,1.626584357,1.379175675,1.626517178,1.512700206,1.272996833,1.366632991,1.556578414,1.293814886,1.675062171,1.846574541,1.587460858,1.764011272,1.302790975,1.868243524,1.445693496,2.109793189,NA
1914,1.625820363,1.587152462,1.494077711,1.42266875,1.272511347,1.707333789,1.380419323,1.230104902,1.2677417,2.012816023,1.252076169,1.403484289,1.584801865,1.422724071,1.276482965,1.345590945,1.760657698,1.771967195,1.663353647,NA
1915,1.632655866,1.173311969,1.407597777,1.465867013,1.007468483,1.488429297,1.285538373,1.063779734,1.135741028,1.663752978,1.324924213,1.29805526,1.810625895,1.334367959,1.210284111,1.4894369,1.618443971,1.458623674,1.392021081,NA
1916,1.791708583,1.706644453,1.318174508,1.646041731,1.521430658,1.434194227,1.567314281,1.212523367,1.285390057,1.70433042,1.018481294,1.338357694,1.997680982,1.634269276,1.365242779,1.48187387,2.196123745,1.394840076,1.005219508,NA
1917,1.017587153,1.450595733,0.925285843,1.19032087,1.20528058,1.0704087,1.078840901,1.060514682,1.232577842,1.267121894,0.899596937,1.045441784,1.593403615,1.044439634,0.93384804,1.00895663,1.040005105,0.987018599,1.196040126,NA
1918,0.670436253,0.961451985,0.513061815,0.651537731,0.74942438,0.644593375,0.60316892,0.759000075,0.891178218,0.734735647,0.591634902,0.350704775,0.475833269,0.534685163,0.73439029,0.483757247,0.564341384,0.589947543,0.578250681,NA
1919,0.648689991,1.075564487,0.725980282,0.912227428,0.926289756,0.916457988,0.83351266,0.758369409,0.97989088,0.815308201,0.693904089,0.701315318,1.098389118,0.937301492,0.700601678,0.534288225,0.875730882,0.893007145,0.612040738,NA
1920,0.619670375,0.867086671,0.558514871,0.739299854,0.806657558,0.841962289,0.632788104,0.733524576,0.943874329,0.816967561,0.527604882,0.563960425,0.875290583,0.858019149,0.626976939,0.51529142,0.786473924,0.940329821,0.835118478,NA
1921,0.672696746,0.891995223,0.537369288,0.796436683,0.956660545,0.772482044,0.775227733,0.687319352,0.938975184,0.771007998,0.505023056,0.654390353,0.919797154,0.768004464,0.591624212,0.407300505,0.876211303,0.969801436,0.87737546,NA
1922,0.559133712,0.873013844,0.504203389,0.714528769,0.702680451,0.569735679,0.472504106,0.598074954,0.646261203,0.519793686,0.459008475,0.420301182,0.725564543,0.620452636,0.463019743,0.352747365,0.604682716,0.541815417,0.554925241,NA
1923,0.575998892,0.658448676,0.638374742,0.787430023,1.138874496,0.900172957,0.801315471,0.769644688,0.911422614,0.702121595,0.769752382,0.742766319,1.124714049,0.89801838,0.9381688,0.614209081,0.792229527,0.986438171,1.039076185,NA
1924,0.680253688,0.975473847,0.81172807,0.953799629,1.049650509,0.994914776,0.822707189,0.831637297,0.754580466,0.976754622,1.039727787,0.815374095,0.951780433,0.946826867,1.010303488,0.8252851,0.933736274,0.974493622,0.932220073,NA
1925,0.689930778,0.775536165,0.994058099,1.271882367,1.054027596,0.814567011,1.031618446,1.007541711,0.783990644,1.124000993,0.958938515,0.918361481,0.762541085,1.183069172,0.907957332,0.891061074,0.99095002,1.047546033,1.411047813,NA
1926,0.56898632,0.456907623,0.79061426,0.474883314,0.645145673,0.742811537,0.738864438,0.74988453,0.648814611,0.671723143,0.781467208,0.680392834,0.491839637,0.631376622,0.581194993,0.644589461,0.437164087,0.687029997,0.609275441,NA
1927,0.759183042,0.604298171,0.874886804,0.810078343,0.952985528,0.887031738,0.927418627,0.942256832,0.91175569,0.975180014,1.10067728,0.88018721,1.007486765,1.034316182,0.997837046,0.794160493,0.579426212,0.718604235,0.968418001,NA
1928,0.924801712,0.945525811,1.058270479,0.970490556,1.177133826,1.019748641,1.277731895,1.267490186,1.128882266,0.903026239,1.414157997,0.734873945,0.918592799,1.168877536,1.247192952,0.9322119,1.715044512,1.061244164,0.749896959,NA
1929,0.794165183,0.753526854,0.881332936,0.746437609,0.826004356,0.688045042,0.87403685,0.96291222,0.952933215,0.903032678,0.954803136,0.580860205,0.995839948,0.787023288,0.793408448,0.854416167,1.012271688,0.830937597,0.686798383,NA
1930,0.746410974,0.678084914,0.659161369,0.642761153,0.600071749,0.8137782,0.694802162,0.679603509,0.637575716,0.746701045,0.854329294,0.451952581,0.886134504,0.641776738,0.692989054,0.659675796,0.827164372,0.567721835,0.507919764,NA
1931,0.626255791,0.545609016,0.520939575,0.507203113,0.427404926,0.734350727,0.642970977,0.686184547,0.457187008,0.674486076,0.912477254,0.351145507,0.312266178,0.535292452,0.50910559,0.657122216,0.36501479,0.521963605,0.45841944,NA
1932,0.716257551,0.656623358,0.701665018,0.6485334,0.951221806,0.728358984,0.622611421,0.870080272,0.785216233,1.018731817,0.799589946,0.690787821,0.892731954,0.703019339,0.592991125,0.744016393,0.394456627,0.705402333,0.680415915,NA
1933,0.790199464,0.733611415,0.813629892,0.801289475,0.860568824,0.705265517,0.77019507,0.797656908,0.796246844,0.686806951,0.731257541,0.71547642,0.819837707,0.646114356,0.683851412,0.837809911,0.371309599,0.57714513,0.55105736,NA
1934,0.84253552,0.880703274,0.936800375,0.795900006,0.959544069,0.979118849,0.855216969,1.090488177,0.743214937,0.650001336,0.950728343,0.699580695,0.736536278,0.698057794,0.830025858,0.772702414,0.668676921,0.67480982,0.538171931,NA
1935,1.164332737,0.846549123,1.041678275,0.922619803,0.926906476,0.898833125,0.976254572,1.319931234,0.773642953,1.170834683,0.867790585,0.884628086,0.873633549,0.766930309,0.996941945,1.127187379,1.105843419,0.733315996,0.79297805,NA
1936,0.72852426,0.834333879,0.912467708,0.94388391,0.965791805,0.754128702,0.994285581,1.107482472,0.666309381,0.853034375,0.743916598,0.666082536,0.85870219,0.899482137,0.983588552,1.226798234,0.720698587,0.799417656,0.7551607,NA
1937,0.788520228,1.34831987,1.194041705,0.99734429,1.057968744,0.74715762,0.917723833,1.323790232,0.876635414,0.740444789,0.879609036,0.668510036,1.033361581,0.797327908,1.115314939,1.034789077,1.041965822,0.792753637,0.684662543,NA
1938,1.01218829,1.15877999,1.213107502,0.74264613,1.185383702,0.696586662,1.096126303,1.418696175,1.137143816,0.715688803,1.145906752,0.833244679,0.755633735,0.614307944,1.128866909,1.020928294,0.663449529,0.819437391,0.701218769,NA
1939,0.687660907,0.754792205,1.040657291,0.667919971,0.761239423,0.633328688,0.749552655,1.031200948,0.59306547,0.469483044,0.963183875,0.548109388,0.701215867,0.575501184,0.858232624,0.817313685,0.849941697,0.822783659,0.405617082,NA
1940,0.730433669,0.684970561,0.832820103,0.786047828,1.090424044,0.65085151,0.71919417,0.945086461,1.017896388,0.605670365,0.90445688,0.728897847,0.946771255,0.623129491,0.836659858,0.922714655,0.688203404,0.70001551,0.65406709,NA
1941,0.733619744,0.769964497,1.133924795,0.52543426,1.241848825,0.789459241,0.935586393,1.331020314,1.183242573,0.482374164,0.917551308,0.752666842,1.112578385,0.61087063,0.987506577,0.999201402,0.438851023,0.706988329,0.488973577,NA
1942,1.11005428,1.015871215,1.137087268,1.037987999,1.404106883,1.057513375,1.052787949,1.290260321,1.115701875,0.948001252,1.327596829,1.033959205,1.377635959,1.220214993,1.247935803,1.508541946,0.898898725,1.020880397,1.181309151,NA
1943,0.97548712,0.729567463,0.770360777,1.068223745,1.15472328,0.654619242,1.124430735,1.027217537,1.084351714,1.058079111,0.950870915,1.25652805,1.290111863,1.467158697,1.046033162,1.401552921,0.963496325,1.206644119,1.221751719,NA
1944,1.235769598,0.997579249,1.104176428,0.781712167,1.329007257,0.964496031,1.190052301,0.957112108,1.276061675,1.117518091,1.114625059,1.414393855,1.282549787,1.259718454,1.146814239,1.608887496,0.942096814,1.026809155,1.296733316,0.929993074
1945,1.124185926,0.988766366,0.944936972,0.910375136,1.057927794,0.790801759,0.912022712,1.01704307,1.108261983,1.016368253,0.921193652,1.11174659,1.090717258,1.291396572,0.931717466,0.716547312,0.759637963,0.908779963,0.862397361,1.118797515
1946,0.778336841,0.787237692,0.685204505,0.762490302,0.904651391,0.708459191,1.079154944,0.681450574,0.696004139,0.522408504,0.859932817,0.861688274,0.784841011,0.931972247,0.744802884,0.662310767,0.559545735,0.681568075,0.608533265,0.804893221
1947,0.925399556,0.797356229,0.970291977,0.97021754,0.812976415,0.795877581,1.004694809,0.956785482,0.656726387,0.844575363,0.852608516,1.360570472,0.780819053,1.33413894,0.953938685,0.727582333,0.742187484,0.859254358,0.763681284,0.898805931
1948,1.408844741,0.864605138,1.198734749,1.465176594,1.574308506,0.881589667,1.66435793,1.337899056,1.067288177,1.055288383,1.071221642,1.27977933,0.634471978,1.556156276,1.222810229,0.886855596,1.302014913,1.178181218,1.070302906,1.18772566
1949,1.479099291,1.042651023,1.074383438,1.578846509,1.337382899,0.727867849,1.554723746,1.093270182,1.110983413,1.254401985,0.83832089,1.448793701,0.833000772,1.419506974,0.968371477,0.964295672,1.584604964,1.335015415,1.028996492,1.234135762
1950,1.359765092,1.254952977,1.045747579,1.761321117,1.424793874,0.866587863,1.43955277,1.063222572,1.567539563,1.565792438,0.998046079,1.334123004,1.374538305,1.600446254,1.208123589,1.116330371,1.704849649,1.615130773,1.174821939,1.180520712
1951,0.989090703,0.876445497,1.010161796,1.616414098,0.995271391,0.89177981,1.102448087,0.980401188,1.295519064,1.152549115,1.092529155,1.077891227,1.10501494,1.28331894,0.995434616,0.604387221,1.290034492,1.431365252,0.613504343,0.84776379
1952,1.225489452,0.710005897,1.443435154,1.286336505,1.153497175,1.127412191,1.09859796,0.824629617,1.334712049,1.070259295,1.122506233,1.278422603,1.304940632,1.336207398,0.998565714,0.763872786,1.503412073,1.210560798,0.891402633,1.396327076
1953,1.117856295,0.768866424,1.378066757,1.051241167,1.066571006,0.979958069,0.863101118,0.657332352,1.239752086,0.826110783,0.970601342,1.040690593,1.247200399,0.946102877,0.874689243,0.710650082,1.063996562,0.945150103,0.880530951,1.177120261
1954,1.1364711,0.857130964,1.218442554,1.297948306,1.192967617,1.217185518,0.961876178,0.764622441,1.022933397,0.886939235,0.967854014,1.216423293,1.014208682,1.348697611,0.93789156,1.014258,1.121924486,1.199861737,0.86851613,1.094728601
1955,1.30657525,0.958983972,1.394899675,1.440722873,1.206766751,1.355252729,0.984491081,0.922870185,1.024393323,1.029070913,1.211136151,1.548139282,0.859470795,1.47783585,0.940889286,1.243875072,1.181319842,1.079780816,1.054346501,1.394190175
1956,1.09418965,0.912209191,1.140008065,1.088026631,0.774629574,1.002801282,1.168818674,0.758913094,0.842801398,0.933329457,0.946793985,0.753192122,0.838645882,0.598215148,0.87779123,1.28276685,1.080947867,0.731498085,0.640978532,1.00881948
1957,1.246275465,1.387362322,1.545284485,1.90485816,1.496071979,1.526815797,1.050678829,0.748868405,1.374442844,1.483050494,1.152727644,1.739839327,1.523079152,1.827994652,1.275295955,1.259928054,1.647462746,1.21339985,1.874056731,1.035248408
1958,1.52711429,1.35017103,1.667776894,1.240055006,1.641618247,1.460825191,1.332934637,1.045814874,1.620642384,1.060659151,1.203783602,1.253736832,1.475293261,1.232311002,1.250547488,1.468827548,1.534323988,1.109302199,1.741981067,1.097231531
1959,0.987812721,1.349595968,0.935187864,1.033153846,1.145314758,1.131668918,1.072184366,0.891984166,1.059060839,1.258964913,1.088109826,1.094070035,1.150563118,1.399857531,0.815133033,0.840811883,1.335493478,1.206232286,1.220663557,1.356581935
1960,0.937664304,1.069122562,0.802541908,1.231930408,0.892327343,0.829178,0.853069844,0.986247622,0.968821745,1.146064157,1.246033483,1.321787356,1.141022723,1.503806717,0.668969495,0.528010707,0.963209556,0.995024172,1.061731185,0.957717475
1961,0.696373136,1.013010044,0.604293246,0.752049906,0.896846111,0.997825623,0.726229054,0.776348625,0.771730648,0.60369568,0.736847166,1.031374412,0.916804417,1.040233089,0.549848794,0.58917752,0.804286929,0.782611275,0.798583572,0.878345272
1962,0.719966083,0.881959715,0.466411714,0.640904101,0.738049571,0.836970588,0.694730132,0.608135158,0.625822795,0.514745687,0.773887073,0.608011825,0.883037515,0.87854676,0.515444675,0.459804431,0.728113763,0.730666612,0.779783056,0.72413305
1963,0.944373848,1.382882415,0.956779321,1.036634709,1.055294106,0.966670015,1.007551177,1.155085136,0.86331596,0.783096521,1.146896609,0.939721314,1.083484033,1.264853431,1.148777412,0.610662246,1.089295265,1.189254043,0.822031149,0.774286309
1964,0.864526624,1.390288189,0.966074324,0.643185947,1.014074752,0.913441755,1.113343264,1.021963823,1.124768047,0.608161819,0.884204437,0.885270603,0.911166917,0.983518641,1.067643181,0.615130359,0.872810701,0.882943917,0.740437519,0.550896529
1965,0.855683162,1.654754497,0.901770848,0.789013228,0.810079982,0.909647163,1.025850565,1.321038326,1.108167074,0.856183963,1.133005213,0.951545008,0.821096054,1.022487318,1.16556399,0.751896787,0.885227937,0.815232951,0.925749468,0.83088654
1966,0.839898654,1.355426467,1.068968554,0.750460254,0.683757248,1.103802032,0.815944775,1.044915066,0.982213087,0.894118383,0.930243155,0.792562257,0.980974499,0.974911835,1.059832336,0.817535409,1.173109433,0.914504095,0.863738997,0.742840218
1967,0.852111264,1.205739957,1.113923496,0.962507627,0.919729032,1.164539694,0.847316526,1.091067149,1.011188897,1.263563328,1.153861491,1.20206535,1.121151903,1.037744792,1.081492335,1.069649545,1.079072135,0.962317386,1.10957722,0.853297689
1968,0.522174959,0.930497894,0.485429218,0.509167602,0.680981484,0.972015381,0.890401687,0.794462466,0.630611782,0.491792238,0.661954201,0.405010835,0.668498401,0.443475538,0.718653965,0.751423898,0.642286671,0.745454961,0.964477938,0.785780811
1969,0.852376497,1.178910225,0.706612263,0.723093915,0.906163357,1.1532991,0.997454374,1.205836351,0.827139341,0.8752745,1.060814014,1.403050162,1.049534078,0.877368336,1.118699459,0.932988237,0.997799674,1.063472416,1.208645709,0.92053448
1970,0.873443755,1.08044407,1.045384586,0.855951238,0.998160104,1.106775134,1.010475723,1.145081029,0.887710237,0.955774752,0.962297329,1.180857168,1.15748998,0.840291657,1.084225384,1.356330819,1.111393421,1.107821482,1.185689871,0.92240453
1971,0.953549663,1.342748606,0.806763462,0.613584988,0.606448784,1.238001982,0.861339533,0.935453909,0.677813208,0.681052427,1.156434291,0.298010458,0.81977137,0.416786621,0.800157493,1.107200855,1.050474305,1.117221676,1.019702165,0.647335487
1972,0.910723404,1.086365462,0.903559928,0.75578152,0.736752808,1.183886954,0.694469259,1.024180328,0.61022387,0.797278646,1.069283742,0.902009798,0.788951848,0.568238935,1.060299499,1.04159629,0.665125951,0.92377374,0.854272393,0.707065192
1973,0.870546322,0.874230433,0.934909243,0.931312636,0.704000301,0.874233798,0.582781615,0.75938382,0.617036494,0.975784263,0.955137802,0.848885847,0.597565368,0.690507454,0.964846839,0.800873598,0.676625233,0.952228,0.811247792,0.843338735
1974,0.635723054,0.800557899,0.605160291,0.554142555,0.640459533,0.812336881,0.632989867,0.79088933,0.688305113,0.472792994,0.720923478,0.244402099,0.511428275,0.390904784,0.720900755,0.555472024,0.396458737,0.777587905,0.74810803,0.427693144
1975,0.628209469,1.06042238,0.712212039,0.470611627,0.692040131,0.891478551,0.592703407,1.040092161,0.771975739,0.671322502,0.939130002,0.430695563,0.621879761,0.447390378,0.844116309,0.592996371,0.318651704,1.047814551,0.927113858,0.455719469
1976,0.889527146,0.890151531,0.997372359,0.900240431,0.701300369,1.040958774,0.607982266,1.106013696,0.83218886,0.898102887,1.041958269,0.866796782,1.035666291,0.824745265,1.048006426,1.297712139,0.995274149,1.306166237,0.984350448,0.679757966
1977,0.822415199,0.706536084,1.049873577,0.938587812,0.649364058,0.835093003,0.587450643,0.814559629,0.805385794,1.201545204,0.587777578,0.809335749,0.652237631,0.581036206,1.152885018,1.279438894,1.036180271,1.269519507,1.001129815,0.805958285
1978,0.668378611,0.768361863,0.713394674,0.609256984,0.760785741,0.798347944,0.733028575,1.073221091,0.901224652,0.667588312,0.702992811,0.437875361,0.632913823,0.393466641,1.028899284,0.861297938,0.606822307,0.857874975,0.758370468,0.420431038
1979,0.975305258,0.949106854,0.918279163,0.921067351,1.027874779,0.896520391,0.849983011,1.122868804,0.895052174,1.151460399,1.076899086,1.004857736,0.788341144,0.812133959,1.085185306,1.014487515,1.054484312,1.136161688,0.895201571,0.739861761
1980,0.979676498,0.966900246,0.936625313,0.864718646,0.7345244,1.021527322,1.169824456,0.998579758,1.18511942,0.999009631,0.933425101,0.882078691,0.900965492,0.792658724,1.049002073,1.257406013,0.982561493,1.17749308,1.110614242,1.257683499
1981,1.637171677,1.500326463,1.780896349,1.44645422,1.254005995,1.339742164,1.706778175,1.370730107,1.625388279,1.683418346,1.372633728,1.326340174,1.391085254,1.31325351,1.51062153,2.003255104,1.457247312,1.30981736,1.36449272,1.617059057
1982,1.287374232,1.01652744,1.358968178,0.901042161,0.846096252,1.18510761,1.285594789,1.300317183,1.27489987,1.379271233,1.215972163,0.822426288,0.905531747,0.870734422,1.252143186,1.860032111,0.829970239,1.035226268,1.242545366,1.032997525
1983,1.694150959,1.277063886,1.698771899,1.293688643,0.952869997,1.347937094,1.416310311,1.418606059,1.257656098,2.119780823,1.427590686,1.266376917,1.172377065,1.325376568,1.761469185,1.772182132,1.697392139,1.092264934,1.456049213,1.611436106
1984,2.430952463,1.446197859,1.848454383,1.995225566,1.586888367,1.803313815,1.61200701,1.823614175,1.726506019,2.961372882,1.952646981,1.963071039,1.769159475,2.309318583,1.41008269,2.462593678,2.094642678,1.62312721,2.493802376,2.03257259
1985,0.990723919,0.758508937,0.960361605,1.025852738,0.65402788,0.860137408,0.722989696,0.84375361,0.870863591,0.892863275,1.136956155,0.379689161,0.631678519,0.905686971,0.937470477,1.020700312,0.523243036,0.876124168,1.13698804,0.834744004
1986,1.049759704,0.932519097,0.785107191,1.145172172,0.812529412,0.799188662,1.048773993,0.975117297,1.003281482,0.991641817,1.192174322,0.758260257,0.871448866,0.858723279,1.055536252,0.964205623,0.804534116,0.832785957,1.370433842,0.787582885
1987,1.351425499,0.809880704,1.091188403,1.301867484,1.193777013,1.250165879,1.146166147,1.178410449,1.212120986,1.359940606,1.357519745,1.008726853,1.23925921,1.245532715,1.11188381,1.402824457,1.375738677,1.132902178,1.85815814,1.04464258
1988,0.923506105,0.878246139,0.934579185,0.773045472,0.823920102,1.139445164,0.963836196,0.938133758,1.090228215,0.867814543,1.025815451,0.565679828,0.913875217,0.674295285,0.984214094,1.036120264,1.356333501,0.927884162,1.368436906,1.253948485
1989,0.702035653,0.834145641,0.679145205,0.656003405,0.695029935,0.862965128,0.974346397,0.760232901,0.892280602,0.770271599,0.956965378,0.438290378,0.726378668,0.664530292,0.964925923,0.823907533,1.045749208,0.71351286,0.957759251,0.845553669
1990,1.303687375,1.007563775,0.842293911,0.976940149,1.129790161,1.244166758,1.480561471,1.188489099,1.226833516,1.297413231,1.1284083,0.747908412,0.909385708,0.975100708,1.587424647,1.444913819,1.644190187,1.085002431,1.036168501,1.382570744
1991,1.35531386,1.082568725,1.022074605,0.898382548,1.401010872,1.374187481,1.557699213,1.320674362,1.135898002,1.19424734,1.155133128,0.681932023,0.966037396,0.70495384,1.58691014,1.389818997,1.663171377,1.21053176,1.134572372,1.270234935
1992,1.664813644,1.00594228,1.157249258,1.23058207,1.363636814,1.421995077,1.815132656,1.358599048,1.107018539,1.303267607,0.996564407,0.862677886,0.986087763,1.050625021,1.837661683,1.058663036,1.620244337,1.232855774,1.01813963,1.313709362
1993,1.111060166,1.065447546,0.650687061,1.106705958,0.958557184,0.799280793,1.249709738,0.866748701,0.842407675,1.007267349,0.462787457,0.795687488,1.126131138,1.142570848,1.362776264,0.767858423,1.64052161,0.891222227,0.960603292,1.09343335
1994,1.615291345,1.181017337,1.04951693,1.591926185,1.397447416,0.931236281,1.524265372,1.223643748,1.211099644,1.911652159,0.984125919,1.579698373,1.661242258,1.722422442,1.275618805,0.830264183,0.814288119,1.239686563,1.079923307,1.843199533
1995,0.686908525,1.041214976,0.669085713,0.661569062,1.069841474,0.947103798,1.453953298,0.74690689,1.040467475,0.741750364,0.785898824,0.241103153,0.620675185,0.712275377,0.936312247,0.582071149,0.140524409,0.97278423,0.826217127,1.155472089
1996,1.033148662,0.97115928,0.975470066,1.067499947,1.202157089,1.22763859,1.213616502,0.905992881,1.175088946,0.824359488,1.048939479,0.956227535,1.082046515,1.234674286,0.919363356,0.946131948,0.437106227,1.010741173,1.301158256,1.219879603
1997,0.741959695,0.930864202,0.659204425,1.053231952,0.881165486,1.00569107,1.18645011,0.797376671,0.850935704,0.554395853,1.033452787,0.710715496,0.844762631,0.755201931,0.839969781,0.793744279,0.189105569,0.975427292,0.909089169,0.935039709
1998,1.213369279,1.077316935,1.540989491,1.599924834,1.408762077,1.251641223,1.217249091,1.267878795,1.512507415,1.125176315,1.517548563,0.938647419,1.53397449,1.421269753,1.286084277,1.202223979,0.589931228,1.281839979,1.307885713,1.296120921
1999,0.953857631,1.0475389,1.314053028,1.68261122,0.960360135,0.945642532,0.939769949,0.988732426,1.114608825,0.784023442,1.394002093,0.987449607,1.30778483,1.357826187,0.811515067,0.958864161,0.532497708,1.089940522,1.13288537,1.160436656
2000,0.855196147,0.832111419,1.073049291,0.898843617,0.973407516,1.011157479,0.79406826,0.793897507,0.975871302,0.674858451,1.276359587,0.862337612,0.866022172,0.856173057,0.901771261,0.920579025,0.512811662,0.90717963,0.857362969,0.836563429
2001,0.714724147,0.484261815,0.798602493,0.807871884,0.800969513,0.974270495,0.717337552,0.628737286,0.771847339,0.710329302,1.081078615,0.796326955,0.810823575,0.759380219,0.585167601,0.733092848,0.446658898,0.837023724,0.740242596,0.826159538
2002,0.643198176,0.560846988,0.971673597,0.862986025,1.018468671,0.971213745,0.711221894,0.768000726,0.79931571,0.493331118,0.960394081,0.956462242,0.774626818,0.69819837,0.719720358,1.025722485,0.748450379,0.994424447,1.064160117,0.622872418
2003,0.764894225,0.947040125,0.778320124,0.729733103,0.880686784,0.913807574,0.648042711,0.813864666,0.800834783,0.800405459,0.550517975,1.057128093,0.899151758,0.946173727,0.670150027,0.743732019,1.031053933,0.800330087,0.886784659,0.62370266
2004,0.489182208,1.133836947,0.708420976,0.688820688,1.110595421,1.024851014,0.928686985,1.025519891,0.935445469,0.340624656,0.59346342,0.82516517,1.107217547,0.904405792,0.7950337,0.605647819,0.826517791,0.851208089,1.031902566,0.860518487
2005,0.87961615,1.064477256,1.216636447,0.754021087,1.215479696,1.251744332,1.184648071,0.855006611,1.315930324,1.00542053,0.714186213,1.413966819,0.867695854,0.963994391,1.187921021,1.07746831,1.144427084,1.05495655,0.97515745,1.102750882
2006,0.928035921,0.952352535,1.14388286,0.863565965,1.087981825,1.155909468,0.911244492,1.059452646,0.949328329,1.106535805,0.935062446,1.128915854,0.966098481,0.962385832,0.962427391,1.331763546,0.980294477,0.855511181,1.081258643,1.127517956
2007,0.682984023,0.73584991,0.716913359,0.990741371,0.94921223,1.015808769,0.693474901,0.729993983,0.727359466,0.519998094,0.835887963,0.690779013,0.809622896,0.963500806,0.545243431,0.795104374,0.734665564,0.721261236,0.901519221,0.529644376
2008,0.671545446,0.831495827,0.835972396,0.714758537,1.019142965,0.973576817,0.687267895,0.818191843,0.761248426,0.807950986,0.965344199,0.892875337,0.671611101,0.724339319,0.611463938,1.022389905,1.5006861,0.980493236,0.679119236,0.825745134
2009,0.967448818,0.787758352,0.923366625,1.030267731,0.977911583,0.846016041,0.536539778,1.077667597,0.659189402,0.646643527,1.023372405,1.194055889,0.890268954,1.003277379,0.713158659,1.041172117,1.326944644,0.70639589,0.930227087,0.717600515
2010,1.132689265,1.082090676,1.148156526,1.09138443,1.290642225,0.992510476,0.858963576,1.381352528,0.981060435,1.600431638,0.894355773,1.744839446,0.973075725,1.163632562,0.911249583,0.90733405,1.878188647,1.150121935,1.142123538,1.068940399
2011,1.155561204,1.156614987,1.354724441,1.412417317,1.149640537,0.776243053,0.811481624,1.220772461,1.083716923,1.444913171,1.064941787,1.775672557,1.408130616,1.795726266,0.95325602,0.838745275,0.731554504,1.148339173,0.980498896,1.211544164
2012,0.682046558,1.226454318,0.822091206,1.044365028,0.782062109,0.352800133,0.70000574,0.883563611,0.977402841,0.920110802,0.769026958,1.354328986,1.494390067,1.164113751,0.717002334,0.25769211,0.796860113,0.781985555,0.733560342,0.924972837
2013,0.528348974,1.279162033,0.883318845,1.105668261,0.680246838,0.263761817,0.58919312,1.005978652,0.906136649,0.976940331,0.651033507,0.942389788,1.059458732,0.812949866,0.623408388,0.004957008,0.388875483,0.740038805,0.589602012,0.844204191
2014,1.049097663,0.913687798,1.297785173,0.784847751,0.854111819,0.542595969,0.887325504,0.860697427,1.147396493,1.186989765,0.755436222,1.324370401,1.081328287,1.094563188,0.889239334,0.510127112,1.293405166,0.932273617,0.846262529,1.241566379
