,SMD01,SMD02,SMD03,SMD04,SMD05,SMD06,SMD07,SMD08,SMD09,SMD10,SMD11,SMD12,SMD13,SMD14,SMD15,SMD16,SMD17,SMD18
1685,NA,NA,NA,NA,NA,NA,NA,NA,NA,NA,NA,NA,NA,NA,NA,NA,NA,NA
1686,NA,NA,NA,NA,NA,NA,NA,NA,NA,NA,NA,NA,NA,NA,NA,NA,NA,NA
1687,NA,NA,NA,NA,NA,NA,NA,NA,NA,NA,NA,NA,NA,NA,NA,NA,NA,NA
1688,NA,NA,NA,NA,NA,NA,NA,NA,NA,NA,NA,NA,NA,NA,NA,NA,NA,NA
1689,NA,NA,NA,NA,NA,NA,NA,NA,NA,NA,NA,NA,NA,NA,NA,NA,NA,NA
1690,NA,NA,NA,NA,NA,NA,NA,NA,NA,NA,NA,NA,NA,NA,NA,NA,NA,NA
1691,NA,NA,NA,NA,NA,NA,NA,NA,NA,NA,NA,NA,NA,NA,NA,NA,NA,NA
1692,NA,NA,NA,NA,NA,NA,NA,NA,NA,NA,NA,NA,NA,NA,NA,NA,NA,NA
1693,NA,NA,NA,NA,NA,NA,NA,NA,NA,NA,NA,NA,NA,NA,NA,NA,NA,NA
1694,NA,NA,NA,NA,NA,NA,NA,NA,NA,NA,NA,NA,NA,NA,NA,NA,NA,NA
1695,NA,NA,NA,NA,NA,NA,NA,NA,NA,NA,NA,NA,NA,NA,NA,NA,NA,NA
1696,NA,NA,NA,NA,NA,NA,NA,NA,NA,NA,NA,NA,NA,NA,NA,NA,NA,NA
1697,NA,NA,NA,NA,NA,NA,NA,NA,NA,NA,NA,NA,NA,NA,NA,NA,NA,NA
1698,NA,NA,NA,NA,NA,NA,NA,NA,NA,NA,NA,NA,NA,NA,NA,NA,NA,NA
1699,NA,NA,NA,NA,NA,NA,NA,NA,NA,NA,NA,NA,NA,NA,NA,NA,NA,NA
1700,NA,NA,NA,NA,NA,NA,NA,NA,NA,NA,NA,NA,NA,NA,NA,NA,NA,NA
1701,NA,NA,NA,NA,NA,NA,NA,NA,NA,NA,NA,NA,NA,NA,NA,NA,NA,NA
1702,NA,NA,NA,NA,NA,NA,NA,NA,NA,NA,NA,NA,NA,NA,NA,NA,NA,NA
1703,NA,NA,NA,NA,NA,NA,NA,NA,NA,NA,NA,NA,NA,NA,NA,NA,NA,NA
1704,NA,NA,NA,NA,NA,NA,NA,NA,NA,NA,NA,NA,NA,NA,NA,NA,NA,NA
1705,NA,NA,NA,NA,NA,NA,NA,NA,NA,NA,NA,NA,NA,NA,NA,NA,NA,NA
1706,NA,NA,NA,NA,NA,NA,NA,NA,NA,NA,NA,NA,NA,NA,NA,NA,NA,NA
1707,NA,NA,NA,NA,NA,NA,NA,NA,NA,NA,NA,NA,NA,NA,NA,NA,NA,NA
1708,NA,NA,NA,NA,NA,NA,NA,NA,NA,NA,NA,NA,NA,NA,NA,NA,NA,NA
1709,NA,NA,NA,NA,NA,NA,NA,NA,NA,NA,NA,NA,NA,NA,NA,NA,NA,NA
1710,NA,NA,NA,NA,NA,NA,NA,NA,NA,NA,NA,NA,NA,NA,NA,NA,NA,NA
1711,NA,NA,NA,NA,NA,NA,NA,NA,NA,NA,NA,NA,NA,NA,NA,NA,NA,NA
1712,NA,NA,NA,NA,NA,NA,NA,NA,NA,NA,NA,NA,NA,NA,NA,NA,NA,NA
1713,NA,NA,NA,NA,NA,NA,NA,NA,NA,NA,NA,NA,NA,NA,NA,NA,NA,NA
1714,NA,NA,NA,NA,NA,NA,NA,NA,NA,NA,NA,NA,NA,NA,NA,NA,NA,NA
1715,NA,NA,NA,NA,NA,NA,NA,NA,NA,NA,NA,NA,NA,NA,NA,NA,NA,NA
1716,NA,NA,NA,NA,NA,NA,NA,NA,NA,NA,NA,NA,NA,NA,NA,NA,NA,NA
1717,NA,NA,NA,NA,NA,NA,NA,NA,NA,NA,NA,NA,NA,NA,NA,NA,NA,NA
1718,NA,NA,NA,NA,NA,NA,NA,NA,NA,NA,NA,NA,NA,NA,NA,NA,NA,NA
1719,NA,NA,NA,NA,NA,NA,NA,NA,NA,NA,NA,NA,NA,NA,NA,NA,NA,NA
1720,NA,NA,NA,NA,NA,NA,NA,NA,NA,NA,NA,NA,NA,NA,NA,NA,NA,NA
1721,NA,NA,NA,NA,NA,NA,NA,NA,NA,NA,NA,NA,NA,NA,NA,NA,NA,NA
1722,NA,NA,NA,NA,NA,NA,NA,NA,NA,NA,NA,NA,NA,NA,NA,NA,NA,NA
1723,NA,NA,NA,NA,NA,NA,NA,NA,NA,NA,NA,NA,NA,NA,NA,NA,NA,NA
1724,NA,NA,NA,NA,NA,NA,NA,NA,NA,NA,NA,NA,NA,NA,NA,NA,NA,NA
1725,NA,NA,NA,NA,NA,NA,NA,NA,NA,NA,NA,NA,NA,NA,NA,NA,NA,NA
1726,NA,NA,NA,NA,NA,NA,NA,NA,NA,NA,NA,NA,NA,NA,NA,NA,NA,NA
1727,NA,NA,NA,NA,NA,NA,NA,NA,NA,NA,NA,NA,NA,NA,NA,NA,NA,NA
1728,NA,NA,NA,NA,NA,NA,NA,NA,NA,NA,NA,NA,NA,NA,NA,NA,NA,NA
1729,NA,NA,NA,NA,NA,NA,NA,NA,NA,NA,NA,NA,NA,NA,NA,NA,NA,NA
1730,NA,NA,NA,NA,NA,NA,NA,NA,NA,NA,NA,NA,NA,NA,NA,NA,NA,NA
1731,NA,NA,NA,NA,NA,NA,NA,NA,NA,NA,NA,NA,NA,NA,NA,NA,NA,NA
1732,NA,NA,NA,NA,NA,NA,NA,NA,NA,NA,NA,NA,NA,NA,NA,NA,NA,NA
1733,NA,NA,NA,NA,NA,NA,NA,NA,NA,NA,NA,NA,NA,NA,NA,NA,NA,NA
1734,NA,NA,NA,NA,NA,NA,NA,NA,NA,NA,NA,NA,NA,NA,NA,NA,NA,NA
1735,NA,NA,NA,NA,NA,NA,NA,NA,NA,NA,NA,NA,NA,NA,NA,NA,NA,NA
1736,NA,NA,NA,NA,NA,NA,NA,NA,NA,NA,NA,NA,NA,NA,NA,NA,NA,NA
1737,NA,NA,NA,NA,NA,NA,NA,NA,NA,NA,NA,NA,NA,NA,NA,NA,NA,NA
1738,NA,NA,NA,NA,NA,NA,NA,NA,NA,NA,NA,NA,NA,NA,NA,NA,NA,NA
1739,NA,NA,NA,NA,NA,NA,NA,NA,NA,NA,NA,NA,NA,NA,NA,NA,NA,NA
1740,NA,NA,NA,NA,NA,NA,NA,NA,NA,NA,NA,NA,NA,NA,NA,NA,NA,NA
1741,NA,NA,NA,NA,NA,NA,NA,NA,NA,NA,NA,NA,NA,NA,NA,NA,NA,NA
1742,NA,NA,NA,NA,NA,NA,NA,NA,NA,NA,NA,NA,NA,NA,NA,NA,NA,NA
1743,NA,NA,NA,NA,NA,NA,NA,NA,NA,NA,NA,NA,NA,NA,NA,NA,NA,NA
1744,NA,NA,NA,NA,NA,NA,NA,NA,NA,NA,NA,NA,NA,NA,NA,NA,NA,NA
1745,NA,NA,NA,NA,NA,NA,NA,NA,NA,NA,NA,NA,NA,NA,NA,NA,NA,NA
1746,NA,NA,NA,NA,NA,NA,NA,NA,NA,NA,NA,NA,NA,NA,NA,NA,NA,NA
1747,NA,NA,NA,NA,NA,NA,NA,NA,NA,NA,NA,NA,NA,NA,NA,NA,NA,NA
1748,NA,NA,NA,NA,NA,NA,NA,NA,NA,NA,NA,NA,NA,NA,NA,NA,NA,NA
1749,NA,NA,NA,NA,NA,NA,NA,NA,NA,NA,NA,NA,NA,NA,NA,NA,NA,NA
1750,NA,NA,NA,NA,NA,NA,NA,NA,NA,NA,NA,NA,NA,NA,NA,NA,NA,NA
1751,NA,NA,NA,NA,NA,NA,NA,NA,NA,NA,NA,NA,NA,NA,NA,NA,NA,NA
1752,NA,NA,NA,NA,NA,NA,NA,NA,NA,NA,NA,NA,NA,NA,NA,NA,NA,NA
1753,NA,NA,NA,NA,NA,NA,NA,NA,NA,NA,NA,NA,NA,NA,NA,NA,NA,NA
1754,NA,NA,NA,NA,NA,NA,NA,NA,NA,NA,NA,NA,NA,NA,NA,NA,NA,NA
1755,NA,NA,NA,NA,NA,NA,NA,NA,NA,NA,NA,NA,NA,NA,NA,NA,NA,NA
1756,NA,NA,NA,NA,NA,NA,NA,NA,NA,NA,NA,NA,NA,NA,NA,NA,NA,NA
1757,NA,NA,NA,NA,NA,NA,NA,NA,NA,NA,NA,NA,NA,NA,NA,NA,NA,NA
1758,NA,NA,NA,NA,NA,NA,NA,NA,NA,NA,NA,NA,NA,NA,NA,NA,NA,NA
1759,NA,NA,NA,NA,NA,NA,NA,NA,NA,NA,NA,NA,NA,NA,NA,NA,NA,NA
1760,NA,NA,NA,NA,NA,NA,NA,NA,NA,NA,NA,NA,NA,NA,NA,NA,NA,NA
1761,NA,NA,NA,NA,NA,NA,NA,NA,NA,NA,NA,NA,NA,NA,NA,NA,NA,NA
1762,NA,NA,NA,NA,NA,NA,NA,NA,NA,NA,NA,NA,NA,NA,NA,NA,NA,NA
1763,NA,NA,NA,NA,NA,NA,NA,NA,NA,NA,NA,NA,NA,NA,NA,NA,NA,NA
1764,NA,NA,NA,NA,NA,NA,NA,NA,NA,NA,NA,NA,NA,NA,NA,NA,NA,NA
1765,NA,NA,NA,NA,NA,NA,NA,NA,NA,NA,NA,NA,NA,NA,NA,NA,NA,NA
1766,NA,NA,NA,NA,NA,NA,NA,NA,NA,NA,NA,NA,NA,NA,NA,NA,NA,NA
1767,NA,NA,NA,NA,NA,NA,NA,NA,NA,NA,NA,NA,NA,NA,NA,NA,NA,NA
1768,NA,NA,NA,NA,NA,NA,NA,NA,NA,NA,NA,NA,NA,NA,NA,NA,NA,NA
1769,NA,NA,NA,NA,NA,NA,NA,NA,NA,NA,NA,NA,NA,NA,NA,NA,NA,NA
1770,NA,NA,NA,NA,NA,NA,NA,NA,NA,NA,NA,NA,NA,NA,NA,NA,NA,NA
1771,NA,NA,NA,NA,NA,NA,NA,NA,NA,NA,NA,NA,NA,NA,NA,NA,NA,NA
1772,NA,NA,NA,NA,NA,NA,NA,NA,NA,NA,NA,NA,NA,NA,NA,NA,NA,NA
1773,NA,NA,NA,NA,NA,NA,NA,NA,NA,NA,NA,NA,NA,NA,NA,NA,NA,NA
1774,NA,NA,NA,NA,NA,NA,NA,NA,NA,NA,NA,NA,NA,NA,NA,NA,NA,NA
1775,NA,NA,NA,NA,NA,NA,NA,NA,NA,NA,NA,NA,NA,NA,NA,NA,NA,NA
1776,NA,NA,NA,NA,NA,NA,NA,NA,NA,NA,NA,NA,NA,NA,NA,NA,NA,NA
1777,NA,NA,NA,NA,NA,NA,NA,NA,NA,NA,NA,NA,NA,NA,NA,NA,NA,NA
1778,NA,NA,NA,NA,NA,NA,NA,NA,NA,NA,NA,NA,NA,NA,NA,NA,NA,NA
1779,NA,NA,NA,NA,NA,NA,NA,NA,NA,NA,NA,NA,NA,NA,NA,NA,NA,NA
1780,NA,NA,NA,NA,NA,NA,NA,NA,NA,NA,NA,NA,NA,NA,NA,NA,NA,NA
1781,NA,NA,NA,NA,NA,NA,NA,NA,NA,NA,NA,NA,NA,NA,NA,NA,NA,NA
1782,NA,NA,NA,NA,NA,NA,NA,NA,NA,NA,NA,NA,NA,NA,NA,NA,NA,NA
1783,NA,NA,NA,NA,NA,NA,NA,NA,NA,NA,NA,NA,NA,NA,NA,NA,NA,NA
1784,NA,NA,NA,NA,NA,NA,NA,NA,NA,NA,NA,NA,NA,NA,NA,NA,NA,NA
1785,NA,NA,NA,NA,NA,NA,NA,NA,NA,NA,NA,NA,NA,NA,NA,NA,NA,NA
1786,NA,NA,NA,NA,NA,NA,NA,NA,NA,NA,NA,NA,NA,NA,NA,NA,NA,NA
1787,NA,NA,NA,NA,NA,NA,NA,NA,NA,NA,NA,NA,NA,NA,NA,NA,NA,NA
1788,NA,NA,NA,NA,NA,NA,NA,NA,NA,NA,NA,NA,NA,NA,NA,NA,NA,NA
1789,NA,NA,NA,NA,NA,NA,NA,NA,NA,NA,NA,NA,NA,NA,NA,NA,NA,NA
1790,NA,NA,NA,NA,NA,NA,NA,NA,NA,NA,NA,NA,NA,NA,NA,NA,NA,NA
1791,NA,NA,NA,NA,NA,NA,NA,NA,NA,NA,NA,NA,NA,NA,NA,NA,NA,NA
1792,NA,NA,NA,NA,NA,NA,NA,NA,NA,NA,NA,NA,NA,NA,NA,NA,NA,NA
1793,NA,NA,NA,NA,NA,NA,NA,NA,NA,NA,NA,NA,NA,NA,NA,NA,NA,NA
1794,NA,NA,NA,NA,NA,NA,NA,NA,NA,NA,NA,NA,NA,NA,NA,NA,NA,NA
1795,NA,NA,NA,NA,NA,NA,NA,NA,NA,NA,NA,NA,NA,NA,NA,NA,NA,NA
1796,0.958566395,NA,NA,NA,NA,NA,NA,NA,NA,NA,NA,NA,NA,0.826381068,NA,NA,NA,NA
1797,0.671774385,NA,NA,NA,NA,NA,NA,NA,NA,NA,NA,NA,NA,0.719440545,NA,NA,NA,NA
1798,0.79960108,NA,NA,NA,NA,NA,NA,NA,NA,NA,NA,NA,NA,0.740315998,NA,NA,NA,NA
1799,0.641861521,NA,NA,NA,NA,NA,NA,NA,NA,NA,NA,NA,NA,0.788458649,NA,NA,NA,NA
1800,0.582726432,NA,NA,NA,NA,NA,NA,NA,NA,NA,NA,NA,NA,0.41099648,NA,NA,NA,NA
1801,0.966467909,NA,NA,NA,NA,NA,NA,NA,NA,NA,NA,NA,NA,0.726003695,NA,NA,NA,NA
1802,0.902563322,NA,NA,NA,NA,NA,NA,NA,NA,NA,NA,NA,NA,0.652016803,NA,NA,NA,NA
1803,0.956020096,NA,NA,NA,NA,NA,NA,NA,NA,NA,NA,NA,NA,1.34537866,NA,NA,NA,NA
1804,1.018401234,NA,NA,NA,NA,NA,NA,NA,NA,NA,NA,NA,NA,1.056099333,NA,NA,NA,NA
1805,1.084187326,NA,NA,NA,NA,NA,NA,NA,NA,NA,NA,NA,NA,0.824408096,NA,NA,NA,NA
1806,1.274981171,NA,NA,NA,NA,NA,NA,NA,NA,NA,NA,NA,NA,0.940656273,NA,NA,NA,NA
1807,0.81980117,NA,NA,NA,NA,NA,NA,NA,NA,NA,NA,NA,NA,0.694851236,NA,NA,NA,NA
1808,0.926017365,NA,NA,NA,NA,NA,NA,NA,NA,NA,NA,NA,NA,0.887180416,NA,NA,NA,NA
1809,1.172550112,1.076123164,NA,NA,NA,NA,NA,NA,NA,NA,NA,NA,NA,1.311088029,NA,NA,NA,NA
1810,0.974399578,0.816445376,NA,NA,NA,NA,NA,NA,NA,NA,NA,NA,NA,1.031137483,NA,NA,NA,NA
1811,1.062218237,0.909225565,NA,NA,NA,NA,NA,NA,NA,NA,NA,NA,NA,1.461021791,NA,NA,NA,NA
1812,0.770776872,0.720593761,NA,NA,NA,NA,NA,NA,NA,NA,NA,NA,NA,0.843555406,NA,NA,NA,NA
1813,0.89623396,0.885677019,NA,NA,NA,NA,NA,NA,NA,NA,NA,NA,NA,1.054089055,NA,NA,NA,NA
1814,1.813206511,1.057833137,NA,NA,NA,NA,NA,NA,NA,NA,NA,NA,NA,1.789575939,NA,NA,NA,NA
1815,1.220428554,0.796225516,NA,NA,NA,NA,NA,NA,NA,NA,NA,NA,NA,1.133840458,NA,NA,NA,NA
1816,1.361968807,1.094036878,NA,NA,NA,NA,NA,NA,NA,NA,NA,NA,NA,1.413366071,NA,NA,NA,NA
1817,1.047933348,0.699715298,NA,NA,NA,NA,NA,NA,NA,NA,NA,NA,NA,0.954122569,NA,NA,NA,NA
1818,1.129830855,1.295945132,NA,NA,NA,NA,NA,NA,NA,NA,NA,NA,NA,1.431396147,NA,NA,NA,NA
1819,1.365228844,1.457127508,NA,0.936354521,NA,NA,NA,NA,NA,NA,NA,NA,NA,1.138565744,NA,NA,NA,NA
1820,1.24309928,1.227508888,NA,0.79999601,NA,NA,NA,NA,NA,NA,NA,NA,NA,1.194644033,NA,NA,NA,NA
1821,1.184450274,1.588782164,NA,1.171584018,NA,NA,NA,NA,NA,NA,NA,NA,NA,0.875604041,NA,NA,NA,NA
1822,1.924536801,1.625192883,NA,1.157195034,NA,NA,NA,NA,NA,NA,NA,NA,NA,1.140896685,NA,NA,NA,NA
1823,1.010235872,1.4282642,NA,1.350388709,NA,NA,NA,NA,NA,NA,NA,NA,NA,0.948828709,NA,NA,NA,NA
1824,0.641935792,0.742370089,NA,0.75643599,NA,NA,NA,NA,NA,NA,NA,NA,NA,0.633486756,NA,NA,NA,NA
1825,1.731650997,1.112553326,NA,1.597498324,NA,NA,NA,NA,NA,NA,NA,NA,NA,0.904669838,NA,NA,NA,NA
1826,1.18952581,1.450722395,NA,1.363934087,NA,NA,NA,NA,NA,NA,NA,NA,NA,1.205120775,NA,NA,NA,NA
1827,0.703455224,0.807646602,NA,0.814561608,NA,NA,NA,NA,NA,NA,NA,NA,NA,1.198542901,NA,NA,NA,NA
1828,0.870366006,0.708137958,NA,0.952862597,NA,NA,NA,NA,0.184751617,NA,NA,NA,NA,1.151071889,NA,NA,NA,NA
1829,0.974365185,0.540597009,NA,1.014709648,NA,NA,NA,NA,0.383774571,NA,NA,NA,NA,0.920984835,NA,NA,NA,NA
1830,0.678753006,0.559475513,NA,1.080958547,NA,NA,NA,0.942077874,0.696265899,NA,NA,NA,NA,0.779664125,NA,NA,NA,NA
1831,0.466181695,0.434277463,NA,0.687266524,NA,NA,NA,0.865672868,0.592979007,NA,NA,0.787951819,NA,0.798022878,NA,NA,NA,NA
1832,0.792473243,0.511215636,NA,0.863002608,NA,1.310179489,NA,1.100143197,0.728370603,NA,NA,0.674935638,NA,0.90544304,NA,NA,NA,NA
1833,1.120768866,1.076173517,NA,0.90809075,NA,1.93862081,NA,1.567300577,1.472158013,NA,NA,1.19777367,NA,1.789799221,NA,NA,NA,NA
1834,0.755310687,0.80126482,NA,0.823880676,NA,1.565096166,NA,1.540055338,1.3097134,NA,NA,1.215521252,NA,1.472365094,NA,NA,NA,NA
1835,0.970244673,0.916212751,NA,0.738488169,NA,1.074589115,NA,0.92411628,0.948445185,NA,NA,1.00232748,NA,1.07681981,NA,NA,NA,NA
1836,0.598410595,0.703867259,NA,0.757929323,NA,1.032257101,NA,1.013073742,1.198901643,NA,1.476070723,0.71056057,NA,1.043589374,NA,NA,NA,NA
1837,0.836076719,1.126367019,NA,1.343892145,NA,1.450607954,NA,1.454429244,1.240169576,NA,1.475946066,0.998596621,NA,1.207780628,NA,NA,NA,NA
1838,1.231034173,1.650216039,NA,1.5169473,NA,1.557132454,1.103334257,1.678570201,1.479013518,NA,1.681198296,1.413359402,NA,1.307215403,NA,NA,NA,NA
1839,1.79050073,2.094667525,NA,1.525425718,NA,1.450487054,1.141786168,1.556019863,1.450208205,NA,1.743557573,1.48808999,NA,1.523708263,NA,NA,NA,NA
1840,0.98706768,1.038049462,NA,0.901425121,NA,0.928276321,0.97631164,0.889740532,1.163775298,NA,1.669677093,0.881876058,NA,1.008370707,NA,NA,NA,NA
1841,1.191802231,1.30921853,NA,1.024261917,NA,0.92280086,0.890653009,0.907020073,1.156420898,NA,1.458713741,0.751237989,NA,1.167090996,NA,NA,NA,NA
1842,0.664680618,0.605821786,NA,0.542370982,NA,0.296452355,0.709390707,0.378214834,0.598154213,NA,0.965619527,0.725369501,NA,0.707208398,NA,NA,NA,NA
1843,0.564151656,0.60726609,NA,0.844573323,NA,0.424030852,0.966556619,0.41089112,1.087915777,NA,1.197027925,0.848132009,NA,0.560117228,NA,NA,NA,NA
1844,0.631185639,0.680543626,NA,0.643164546,NA,0.196179343,0.726610203,0.279419094,0.668442716,NA,0.152215567,0.349922246,NA,0.611816207,NA,NA,NA,NA
1845,1.064286211,1.038956013,NA,0.76664804,NA,0.451783805,0.934190109,0.456405706,0.879512407,NA,0.559819193,0.704594491,NA,0.923979512,NA,NA,NA,NA
1846,1.31136097,1.505608661,NA,1.020676938,NA,1.115040068,1.145216113,1.354937825,1.475736736,NA,0.71283708,1.138509254,NA,1.164298093,NA,NA,NA,NA
1847,0.84106611,0.770149928,NA,0.562714646,NA,0.866134323,1.004683768,0.725476505,0.915389462,NA,0.671192829,0.799516112,NA,0.952854049,NA,NA,NA,NA
1848,0.839527856,0.919281433,NA,0.871473166,NA,1.004993983,0.963693722,0.792973943,0.911701385,NA,0.739748666,0.882518638,NA,0.755414536,NA,NA,NA,NA
1849,0.691487559,0.573589889,NA,0.656531415,NA,0.656118245,0.969008688,0.574411494,0.840798542,NA,0.743202517,0.806637402,NA,0.671912983,NA,NA,NA,NA
1850,0.679851884,0.619841663,1.13814369,0.833157591,NA,0.861692778,1.243974349,0.855029237,0.920074067,NA,0.833295683,0.995555418,NA,0.850439951,NA,NA,NA,NA
1851,0.704821301,0.839389023,0.979660784,0.851613665,NA,0.891283476,1.177216704,0.732378326,0.982284159,NA,0.835373875,1.163199563,NA,0.861845308,NA,NA,NA,NA
1852,0.636459238,0.807349971,0.856329581,0.989059774,NA,0.957222795,1.118367698,0.809935642,1.063189333,NA,1.009663851,1.192991933,NA,0.744324683,NA,NA,NA,NA
1853,0.833747916,1.117339574,1.037997114,1.082972286,NA,1.057064802,1.113259519,0.943569399,1.139705727,NA,0.677033191,1.192217313,NA,1.085046165,NA,NA,NA,NA
1854,0.85153469,1.081031188,0.966736012,0.874086891,NA,0.869478469,0.963839153,1.0878636,1.001559079,NA,0.607515808,0.998327154,NA,0.905423423,NA,NA,NA,NA
1855,0.741085193,0.750095039,0.949807817,0.921981965,NA,0.65700354,0.793103155,0.813220611,1.042712835,NA,0.702508128,0.826364652,NA,0.718314717,NA,NA,NA,NA
1856,1.132401729,1.192821055,1.273483906,1.137911484,NA,0.832682668,1.044495842,1.715031599,1.15309261,NA,1.381357477,1.160783073,NA,1.190215444,NA,NA,NA,NA
1857,1.392668485,1.197502822,1.098530228,1.411384661,NA,0.891850907,1.038685125,1.006338593,1.074681115,0.565465299,1.056433661,1.306616244,NA,1.210180206,NA,NA,NA,NA
1858,1.333356631,1.243381809,1.324518777,1.431382318,NA,1.057398063,1.316511304,1.227274838,1.206750436,0.845335054,1.333652076,1.38177809,NA,1.404395482,NA,NA,NA,NA
1859,1.22782306,1.183108635,0.944999309,1.210915095,NA,0.903216764,1.168496594,0.770179811,0.959000774,0.675080894,1.191882168,1.273819744,NA,1.082321757,NA,NA,NA,NA
1860,1.225560312,1.234823223,1.225476509,1.175300917,1.365241715,1.120893075,1.163882753,1.22140586,1.271062494,0.916467407,1.354320741,1.17655657,NA,1.169053237,NA,NA,NA,NA
1861,1.737713486,1.695249302,1.307336398,1.213575279,1.553857481,1.471612757,1.35624674,1.607072448,1.169265169,0.954800991,1.523415311,1.369378587,NA,1.786147383,NA,NA,NA,NA
1862,1.112248404,1.108298209,0.937231694,1.087398064,0.956454737,1.095040454,1.250679562,1.145189316,1.002571459,1.042557911,1.230769183,1.123236586,NA,1.168892967,NA,NA,NA,NA
1863,0.931930679,1.157869646,0.815631841,1.130584422,0.829116906,0.893089333,1.156345731,0.585365107,0.837318191,0.702370724,1.022135903,1.225593689,NA,0.95675025,NA,NA,NA,NA
1864,0.933215047,1.372154809,1.077549531,1.206326338,1.220160147,1.188014448,1.178560475,0.978360528,1.037440611,1.020735558,1.268682539,1.272658684,NA,1.110190649,NA,NA,NA,NA
1865,1.267838835,1.081912636,0.835382602,0.802121656,1.047537396,0.787358288,0.965065049,0.606356928,0.905880811,0.817848568,1.216084078,1.069543945,NA,0.713526068,NA,NA,NA,NA
1866,0.882350738,1.179453205,1.107036577,1.140718661,1.224045911,1.117805218,1.310811407,0.969896834,1.085230226,1.553855956,1.310039512,1.210597149,NA,0.820246252,NA,NA,NA,NA
1867,0.900324998,0.630065167,1.010219194,0.926140146,1.009561186,0.962404643,1.218764176,0.933349375,1.011637351,1.323852264,0.86809445,0.997920493,NA,0.925210601,NA,NA,NA,NA
1868,1.369436074,1.226245219,1.166693024,0.975248496,0.884437016,1.14622565,1.27719975,1.25619131,1.074231114,1.258702426,1.186541682,1.103127805,NA,1.298486112,NA,NA,NA,NA
1869,0.689549199,0.759601937,0.535690493,0.624770326,0.378753165,0.563460367,0.655573922,0.661928861,0.631758009,0.786610654,0.715137697,0.664367183,NA,0.536672628,NA,NA,NA,NA
1870,0.788981589,0.710721611,0.653544494,0.649538037,0.448163643,0.813728415,0.603073735,0.768673635,0.693989176,0.7983659,0.922676663,0.69920242,NA,0.701754997,NA,NA,NA,NA
1871,0.572407924,0.667275889,0.581092261,0.502167589,0.40060437,0.636433213,0.499557285,0.58406168,0.664731492,0.727605429,0.729811236,0.587715403,NA,0.517067328,NA,NA,NA,NA
1872,0.623443881,0.655600112,0.601283838,0.502014298,0.555654928,0.598399182,0.636356463,0.568648174,0.634889085,0.618174722,0.63586517,0.627053355,NA,0.605025145,NA,NA,NA,NA
1873,0.691035386,0.793873999,0.679555769,0.64135478,0.603512114,0.710587962,0.735401562,0.644947564,0.796937994,0.873397715,0.756796868,0.647386565,NA,0.711298653,NA,NA,NA,NA
1874,0.804881823,0.808153891,0.683591149,0.654363101,0.761697047,0.587241889,0.579319206,0.600149152,0.724781125,0.825093392,0.62770264,0.672281613,NA,0.501494983,NA,NA,NA,NA
1875,0.646426718,0.61890886,0.721345769,0.963492097,0.825121838,0.659815033,0.683549198,0.55397545,0.697715723,1.176320464,0.747694496,0.949882292,NA,0.521257587,NA,NA,NA,NA
1876,0.672818838,0.966451073,0.77837917,0.799636403,0.986540321,0.703584993,0.770013413,0.784412713,0.746580819,1.345863536,0.99603888,0.941144318,NA,0.538872645,NA,NA,NA,NA
1877,1.168769408,1.208927177,1.155266036,1.277104592,1.335162474,0.872626849,1.232542919,1.066879311,1.162540659,1.672772044,1.123886714,1.1015647,NA,1.024121376,NA,NA,NA,NA
1878,1.022276934,1.09115788,1.544132482,1.320068486,1.280138687,1.025691187,1.159332986,1.499644096,1.267946845,1.140822959,1.276470241,1.098770619,NA,1.117056237,NA,NA,NA,NA
1879,1.855356299,1.639176151,1.489246083,1.467272913,1.684493274,1.57139029,1.241184241,2.008055622,1.465817846,1.739283869,1.360100557,1.321961299,NA,1.568993869,NA,NA,NA,NA
1880,1.464296038,1.123502203,0.967542945,1.216450907,1.342583138,1.386872126,1.091667261,1.285029149,1.143928295,1.312009096,1.099029996,1.137279631,NA,1.252846431,NA,NA,0.788439729,NA
1881,1.424875081,1.325024779,1.020662928,1.239994747,1.404946022,1.393223904,1.194691298,1.245929989,1.258503038,1.28895884,1.081405959,1.206258498,NA,1.600558923,NA,NA,1.017477283,NA
1882,1.672576405,1.411800082,0.909105943,1.221145932,1.262566626,1.141417734,1.038310856,1.093870673,1.141355497,1.152582081,1.039068783,1.078246715,NA,1.529129555,NA,NA,0.948148829,NA
1883,1.077610877,1.049693449,0.739029068,0.846867892,0.936823706,0.942595055,0.861600229,0.754441983,0.900936245,0.93548129,0.939502907,0.734472039,NA,1.213459217,NA,NA,0.680632983,NA
1884,0.622335194,0.330828264,0.952306691,0.659962586,0.522713839,0.915952383,0.888133239,0.634859544,0.93737299,0.464333562,0.483742191,0.496159177,NA,0.723014572,NA,0.603587283,0.77201585,NA
1885,1.114422759,0.903146854,1.272623251,1.367880695,1.089297546,1.447599314,1.018892879,1.235788888,1.394443455,0.789501724,1.079944404,0.90001896,NA,1.07077843,NA,1.256165768,1.331933862,NA
1886,0.795945149,0.825698286,0.806710963,1.007022183,1.037475996,0.971668099,0.919159007,1.068006326,1.017831967,0.851861564,0.955593878,0.813118044,NA,1.001624329,NA,0.940058665,1.044061698,NA
1887,0.824862793,0.831399798,1.088185717,0.845575926,1.085720456,1.090682261,1.059525194,1.414423602,1.249211985,1.055069348,0.997118674,0.783714244,NA,1.128503159,NA,0.685370734,1.048668306,NA
1888,0.793351656,0.908822371,1.152976268,1.139685985,1.30001102,1.246505392,1.249937848,1.207754071,1.11170804,1.044012137,1.186676148,1.068868725,NA,1.2036541,NA,0.808753643,1.193669529,NA
1889,0.74173448,0.645460803,0.567415637,0.624157474,0.544904743,0.674235031,0.602959496,0.761232925,0.728423519,0.478174964,0.5450291,0.490768512,NA,0.705723105,NA,0.514353211,0.532991397,NA
1890,0.639477134,0.454541135,0.811733919,0.463871533,0.59839173,1.039901092,0.651192912,0.734333986,0.726765912,0.5408712,0.634373929,0.45871291,NA,0.441104849,NA,0.668722862,0.77951094,NA
1891,1.119182514,0.863778466,0.977244062,0.815861937,0.871529091,1.003437593,0.896474525,0.762639179,0.866561461,1.131367001,0.810371207,0.728662076,NA,0.766585596,NA,0.784204168,1.093438854,NA
1892,0.922261951,0.847025993,0.871861599,0.729636765,0.920554497,0.925897675,0.806099605,0.865410866,0.77325436,1.266472605,0.712659875,0.794964842,NA,0.853636727,NA,0.589045679,1.05956005,NA
1893,0.921397611,0.853616963,0.834660846,0.790324707,1.021038661,1.191245233,0.900428647,0.93828755,0.743829844,0.887394304,0.943828732,0.850898943,NA,0.886399647,NA,0.913757091,1.089845832,NA
1894,0.905781256,0.904160437,1.23200331,1.026529243,0.977837064,1.052976013,0.956348399,1.312782338,0.940199564,0.870157489,1.180027555,0.999690826,NA,0.833984606,NA,0.743473346,1.22215544,NA
1895,1.085942429,0.971298158,1.117948641,0.872010272,1.08444655,1.10386368,0.95431247,1.116605582,0.998113184,0.877624457,0.996110972,1.220870791,NA,1.00292401,NA,0.707469079,1.048186018,NA
1896,0.831567364,0.750509511,0.852225556,0.844746123,0.873700941,0.875120521,0.886418921,0.977049478,0.930094144,0.735844799,0.994254795,1.205092961,NA,0.863911153,NA,0.45694544,0.800911137,NA
1897,0.611364169,0.806265945,0.924789371,0.721794898,0.643542005,0.920285142,0.645609163,0.733742948,0.831867689,0.642052469,0.772456369,0.693044032,NA,0.714158413,NA,0.728290987,0.809159881,NA
1898,1.183431575,1.311800949,1.073431651,1.306272254,0.924729478,1.384857214,1.054596098,1.146722479,1.037875225,1.252265878,1.373192316,1.438601936,NA,1.385878358,NA,1.144940863,1.257087869,NA
1899,0.808061666,1.05854054,0.854290616,0.903257312,0.613604427,0.83489633,0.823410768,0.694493096,0.786101887,1.098963592,0.97272933,1.061156157,NA,0.863230852,NA,1.068756845,0.673212432,NA
1900,1.200649612,1.309009556,1.59299189,1.510361949,1.23290759,1.606055557,1.246234893,1.152837132,1.325139633,1.643912629,1.302565162,1.476392908,NA,1.414558213,NA,1.488071189,1.315911697,NA
1901,1.511417991,1.262088262,1.68346106,1.596846147,1.214890866,1.685302043,1.259093714,1.489346702,1.582111918,1.475641043,1.571925132,1.346122094,NA,1.612633813,NA,1.296724147,1.476548463,NA
1902,1.046266411,1.407114791,1.608947744,1.365850273,1.649798421,1.391358183,1.621499428,1.789643787,1.434463047,1.503742128,1.428753744,1.443311627,NA,1.337777822,NA,1.403226889,1.706656528,NA
1903,0.910378769,1.196522765,1.580451728,1.557767283,1.464027738,1.3541076,1.703189728,1.676455754,1.422760777,1.100992982,1.080903653,1.415831652,NA,1.074158861,NA,1.09484996,1.405020573,NA
1904,1.296438213,1.308294691,1.591778557,1.615685347,1.644366091,1.306478426,1.952362771,1.917335086,1.393700708,1.082134079,1.452102605,1.555577747,NA,1.210826092,NA,1.228015464,1.17856944,NA
1905,1.15838859,1.270743164,1.332215198,1.262982513,1.22431756,1.436454215,1.723921205,1.881402884,1.280259412,1.191530593,1.226145276,1.251283011,NA,1.201493947,NA,1.266249366,1.016438574,NA
1906,1.395554347,1.320439857,1.275874548,1.318949246,1.367562033,1.359513501,1.54327953,1.644433905,1.353196078,1.358575031,1.155769722,1.262693719,NA,1.197289451,NA,1.327950283,0.997773452,NA
1907,0.91645666,1.038532427,0.76047127,1.031235455,0.801011569,0.730830431,1.015319359,0.840909438,0.988690678,0.990172109,0.793587827,0.898165053,NA,1.088406509,NA,1.182223962,0.800900679,NA
1908,1.344572582,1.034945471,0.971020845,1.485636547,1.022230226,0.937701593,1.216206964,0.904490772,1.246195864,1.211573512,1.141816201,1.183035309,NA,1.169118685,NA,1.502478234,1.273775655,NA
1909,1.623224903,1.412103904,1.189994707,1.671861024,1.144307436,1.16230865,1.183683719,1.265200101,1.599303667,1.15686549,1.375426536,1.280316828,NA,1.541513468,NA,1.670620362,1.440054913,NA
1910,0.999997251,0.943643518,0.684118728,1.027746146,0.56242305,0.834981637,0.702073952,0.629455523,0.858261224,0.690940987,0.956014709,0.926649658,NA,1.033946024,NA,0.824783916,0.905873919,NA
1911,0.976426874,0.839692424,0.933847428,0.885931667,0.833518025,0.834920004,0.843599345,0.730726714,0.989231704,1.161079844,1.244730302,0.872077445,NA,1.059858867,NA,1.010590141,1.036827399,NA
1912,0.994559659,0.939223694,1.01445684,1.201204538,0.686985162,0.894469396,0.848225624,0.575600087,0.998330851,0.924229589,0.968396297,1.119007639,NA,0.977780823,NA,1.244491748,1.099019953,NA
1913,1.404342403,1.381639152,1.247932981,1.467306057,1.008767743,1.3228,1.028554672,1.10391754,1.254985311,1.505619033,1.667472099,1.376941837,NA,1.307772075,NA,1.501801877,1.334906839,NA
1914,1.220808498,1.218574485,1.205868028,1.472128522,1.031662489,1.405196028,1.07315457,1.308445328,1.274586031,1.504177767,1.534485925,1.381167764,NA,1.455359946,NA,1.322583563,1.258690108,NA
1915,1.292320236,1.411595219,1.501990128,1.420417529,1.306990756,1.767044054,1.109951464,1.274639935,1.393234185,1.284752147,1.449398351,1.234275975,NA,1.637997443,NA,1.43617105,1.247167502,NA
1916,1.569239495,1.657185779,1.467681769,1.738212888,1.176125749,1.685959524,1.042445103,1.471479359,1.319023997,1.640695055,1.613719724,1.456369424,NA,1.903205685,NA,1.626776623,1.426478872,NA
1917,1.095123461,1.579777046,1.052645486,0.918614592,1.186072414,1.177497979,1.27756628,1.217608152,0.96020644,0.941309597,1.367147708,1.005054711,NA,0.922626435,NA,0.87850472,0.749715645,0.78290301
1918,0.325854626,0.986902293,0.518835332,0.526144872,0.482181018,0.529330877,0.753910975,0.330275808,0.453682414,0.284515796,0.304769792,0.476586078,NA,0.438498673,NA,0.29543731,0.318819562,0.424632634
1919,0.96844225,0.91978391,0.726788678,0.948043513,1.035533197,1.011045298,1.16368871,1.063819431,0.861245555,0.85579326,0.876318018,1.004768978,NA,0.926568788,NA,0.885692512,1.002561773,0.666862568
1920,0.608415792,0.653072963,0.582282962,0.747078528,0.58218433,0.787564153,0.809408369,0.749234849,0.776579138,0.566262032,0.673664482,0.670581663,NA,0.740890426,NA,0.572673018,0.429445977,0.717726357
1921,0.89767311,0.886373519,0.91809154,0.911357527,1.026643267,1.025540097,1.235670583,0.925430808,0.979773512,0.677931045,0.847218024,0.863374891,NA,0.836643506,NA,0.7358426,0.775217811,0.97937381
1922,0.698863347,0.780947766,0.643407732,0.64647786,0.901980799,0.689387859,0.835537954,0.712067592,0.777591632,0.525896484,0.617308156,0.766610964,NA,0.756016577,0.68280309,0.436830885,0.557994574,0.623148206
1923,0.712959084,0.809454219,0.972699931,0.731315651,1.1350237,0.936589903,1.056786856,0.806107306,0.796531846,0.633422193,0.995194121,0.79358532,0.423273304,0.76446148,1.327497871,0.79819178,0.699236096,1.373880395
1924,0.80274744,0.671898779,0.576442234,0.947951391,0.490384323,0.722920951,0.686930522,0.629488971,0.591637375,0.397338085,0.706037906,0.73878474,0.790965396,0.643251626,0.912434775,0.862789689,0.540182119,0.898009998
1925,1.440807095,1.08881033,0.705007981,0.980573767,1.089701976,0.937727488,0.82125156,0.792157955,0.674987425,0.619283213,1.077777154,0.916329959,0.867833658,0.725074885,1.131896058,1.107847416,0.783942002,1.701621097
1926,0.663336717,0.603107132,0.463741843,0.525815,0.488979551,0.413355725,0.549283902,0.354954574,0.451293666,0.286285304,0.477641938,0.530778118,0.674485426,0.438802902,0.646108958,0.607178139,0.385304656,0.710186466
1927,1.014410847,0.872066821,0.790550228,0.769094328,1.027532811,0.825526935,0.862576612,0.901321933,0.804083893,0.613403423,0.857076276,0.845919094,1.105432076,0.796150428,1.149392357,1.06187477,0.698531958,1.362424932
1928,1.31197872,1.074778541,1.151810268,1.215215343,1.108182542,1.013476506,1.075905963,0.987430156,1.105798638,0.805018818,0.862638432,1.082675264,1.28149365,1.150741826,1.320081648,1.133131534,0.781030182,1.353631343
1929,0.784450274,0.745729986,0.660088819,0.647811139,0.781383891,0.56363555,0.622847935,0.682365392,0.697199385,0.646784775,0.68685032,0.572234954,0.849971637,0.643587702,0.745590269,0.681747047,0.47761453,0.932686994
1930,0.385678441,0.547942072,0.37872386,0.29349682,0.41564027,0.35310804,0.427841773,0.351496969,0.490381676,0.198213987,0.251892199,0.373383495,0.833204437,0.330423455,0.559224543,0.30517185,0.263567403,1.003662527
1931,0.512512572,0.705987058,0.526310866,0.558192016,0.561777378,0.282909168,0.591390554,0.410706836,0.501030532,0.477465212,0.495112656,0.532072855,0.931255782,0.432965481,0.714857119,0.673730352,0.451551334,0.771632652
1932,0.848499713,0.936779731,0.613988251,0.689128534,0.768810991,0.473936039,0.741961899,0.691109827,0.700301954,0.744740686,0.65321776,0.792095562,1.010987441,0.706032262,0.873379323,0.859875794,0.683406933,1.126480086
1933,0.692739332,0.790146815,0.781783551,0.491913283,0.840264391,0.501458242,1.017691899,0.691635571,0.702382283,0.622334043,0.859775785,0.767254384,0.982727694,0.63789631,0.831868052,0.665906893,0.640734413,0.845107889
1934,0.642291548,0.666699744,0.655105034,0.473099736,0.62087685,0.43125916,0.771207588,0.467753729,0.532471253,0.461020886,0.570442876,0.778154749,0.959817717,0.592358873,0.750148979,0.542286408,0.591594972,0.592196465
1935,1.100978433,0.946880401,0.76366914,0.668619229,1.035200366,0.586482713,0.837992022,0.59003109,0.843305186,1.111225539,0.588556439,0.883832947,1.334168478,0.990770834,0.836583559,0.568656629,0.953662953,1.019546126
1936,0.886608891,0.958807557,0.824662685,0.653166417,0.706996792,0.591884352,0.58115255,0.513435836,0.644320784,0.541031272,0.640212567,0.786611403,1.347161539,0.643932886,1.212659632,0.742544939,0.867404352,1.218918255
1937,0.793597881,0.906846323,0.863555769,0.622932515,0.847723354,0.601427517,0.791479812,0.393540863,0.611920569,0.493351764,0.631854571,0.893608524,1.268428701,1.088680002,1.305258579,0.638401722,1.171300041,1.121621406
1938,0.882518543,0.774479407,1.020882428,0.857996125,1.065781108,0.734067109,0.968124424,0.72269635,0.74542541,0.70208805,0.757246195,1.107258112,1.057934018,0.999007352,0.964189157,0.666527457,1.179911618,0.705429345
1939,0.812384045,0.730627156,0.721414965,0.481744271,0.521285325,0.506391581,0.656640679,0.176009036,0.468512865,0.316115819,0.34977116,0.601735397,0.952298618,0.761267726,0.786422743,0.687359795,0.797719496,0.795636406
1940,0.852615674,0.825187503,0.933182064,0.753037871,0.897855425,0.774904545,0.879270361,0.63420221,0.741607053,0.638778041,0.50225988,0.936154288,0.812713418,1.085188508,0.831072112,0.777501051,1.058966999,0.819459716
1941,0.759322594,0.638213857,1.125942669,0.570042312,0.912137979,0.778451688,1.015578783,0.495422977,0.716852296,0.610177003,0.54126489,1.008641417,1.530177433,1.088441199,1.566753189,0.727449523,1.68787783,1.437555833
1942,1.43105832,1.06274714,1.344428834,1.095890793,1.314001322,1.291741238,1.218150091,0.807118483,0.980144179,1.048794325,0.883217406,1.562386916,1.781272752,1.613104516,1.89378097,1.535650789,1.921180851,1.874061939
1943,1.216854643,1.169551644,1.026753675,0.9765809,1.040067998,1.022081244,1.026995694,0.843316995,0.864077172,0.926465794,0.755685003,0.904956252,1.252084165,1.394919328,1.064219721,1.142365289,1.29654925,0.958275906
1944,1.478020134,1.351905045,1.073297388,1.214257103,1.111482972,1.10408485,1.032778995,0.88190396,1.074750855,0.974142255,0.834771735,1.091817147,1.116332668,1.106796301,0.954643294,1.223172912,1.145906589,1.03263713
1945,1.221494235,1.123910098,0.791099498,1.155498809,0.935581385,0.941286622,0.860749419,0.776571779,0.978230559,0.95203003,0.555799362,0.981050186,0.968937913,0.926559495,0.942181142,0.899530231,1.013989983,1.145585411
1946,0.800390369,0.758031669,0.794222333,0.732703676,0.819684982,0.759120584,0.739951975,0.724258909,0.798116525,0.67018666,0.474061839,0.680820558,0.76153759,0.697074946,0.819089145,0.700228711,0.666453126,0.831334246
1947,0.687311261,0.399812458,0.684147516,0.610943746,0.660446787,0.598353358,0.586700181,0.637574962,0.647991568,0.77120834,0.399207125,0.551413149,0.792176044,0.65512973,0.67723899,0.70173367,0.553927452,0.700839661
1948,0.967044227,0.692247888,1.174993917,1.245483977,1.165705707,0.947003309,0.909635763,0.924428405,1.037150378,1.122345763,0.592750268,0.832192967,1.561608093,1.164880635,1.357008124,1.077965868,1.507885896,1.532522295
1949,1.182874744,0.950579169,1.301515904,1.257295044,1.33518926,0.991477504,0.996241682,1.095271525,1.015702388,1.373500193,0.757867422,0.808198986,1.077100914,1.031270224,1.042049352,1.293597093,1.340436639,1.170172954
1950,1.289042423,1.185421348,1.451451138,1.206558081,1.595062988,1.165357004,0.992763373,1.572049002,1.346183798,1.234315775,1.077757019,0.808381854,0.991360288,1.088677908,1.185179857,1.289319656,1.675286309,1.24597398
1951,1.052516452,1.093200226,1.436491118,0.92704696,1.31199551,1.11189057,0.851553063,1.031515147,1.028521193,0.98135298,0.917099812,0.598160811,0.80330825,0.935887538,0.951403432,1.102896186,1.091040997,1.061201531
1952,1.270530964,1.415057679,1.611490077,1.21822219,1.599633111,1.393309124,1.145981468,1.677715335,1.317874421,1.549481964,1.109651562,0.796832256,1.066722537,1.086706701,1.124992217,1.484207414,1.509299031,1.164648666
1953,1.003739196,1.05602077,1.402496086,1.088793655,1.570312816,1.240464373,1.238132912,1.604307891,1.278828363,1.023860465,0.805222088,0.910522736,1.097570778,1.495803386,1.154590509,1.373265006,1.549437167,1.010135729
1954,0.909148314,0.980415031,0.918658102,1.089273559,0.977882997,0.914654145,0.839911675,0.991931335,1.069099197,0.906901523,0.700020995,0.638383153,0.899626548,0.886542248,1.051355376,1.069477645,1.148261713,0.79979212
1955,1.24070499,1.157292752,1.404356614,1.360081529,1.354166559,1.045893107,1.027838634,1.303068739,1.29483225,0.990927635,0.784485522,0.823361579,1.226555764,1.142544545,1.301443654,1.714433947,1.267970508,1.053716035
1956,1.185044484,1.255304288,1.450345468,1.410426444,1.28530268,1.06814971,0.970182049,1.331138218,1.224114238,0.699621903,0.736231828,0.83566801,1.153473401,0.943518531,1.004088194,1.480927284,1.027993992,0.970365163
1957,1.420028347,1.807876,1.492401809,1.905579448,1.533528603,1.179512157,1.471528946,1.498873533,1.612840308,1.578230193,1.030788127,1.125962428,1.251645021,1.159883739,1.251952865,1.932968194,1.478164909,1.128383099
1958,1.168405687,1.361600522,1.51004341,1.713704975,1.24269619,1.272241192,1.503383508,2.012463665,1.566368379,1.300556596,1.00886934,0.963398732,1.245779947,1.378248496,1.216228759,1.858617316,1.256154473,1.130431129
1959,1.013495556,1.188554318,1.071099276,1.230635072,0.984613676,1.138881747,1.190807085,1.539356279,1.307546796,1.553366673,0.834302053,0.814130264,0.860549771,1.219022541,1.045473303,1.208072362,1.199587673,1.063812304
1960,0.873786459,1.196346701,0.893069441,0.793857783,0.72565464,0.674291572,0.938818089,1.021219881,1.05808287,1.246043879,0.946361116,1.131746515,0.682807677,1.22940348,0.664836726,1.213016069,0.946010958,0.991026362
1961,0.837854642,0.883606403,0.745866235,0.724713936,0.815844164,0.685885789,1.052051968,0.905441937,0.813960647,0.946784213,1.102511635,0.910486822,0.57444656,0.975325657,0.825780153,0.752678785,0.801236065,0.771821004
1962,0.840417848,0.724329388,0.701481254,0.531382553,0.5678437,0.577438522,0.687771344,0.70832348,0.747282967,1.020242447,1.718722004,1.229999531,0.448003124,0.832598126,0.668819633,0.724530493,0.858316592,0.805835393
1963,0.871222832,1.045844823,0.954302017,0.864677729,0.874893279,0.809582526,0.836554751,0.761698681,1.059587343,1.34597089,1.912278089,1.517026593,0.517971758,1.12949019,0.821063983,0.967512133,1.067720195,1.002027109
1964,0.865286364,0.951083064,0.809483481,0.759800106,0.846966455,0.635239695,0.633221088,0.578705191,0.894977781,1.440906253,1.683574552,1.343252637,0.361288464,0.94800708,0.835950042,0.908070714,0.901795354,0.925625889
1965,0.897010455,0.91873482,0.977527093,1.011151683,1.012861229,0.97620025,1.187438003,0.826603053,1.197856499,1.233865422,2.047873994,1.668090036,0.427418428,0.987455124,0.862690327,0.816823275,0.975704539,0.751301199
1966,0.633339745,0.797321971,0.822191898,0.946654181,1.108075533,0.86706854,1.224854804,0.669369919,1.074306809,0.773035663,1.831924831,1.669805178,0.377688148,0.784356967,0.849397943,0.530494325,0.871006438,0.640252452
1967,0.936460749,0.95412523,1.019433696,1.316373645,1.138195914,1.151720973,1.442352949,1.088520652,1.340233142,1.128301953,1.718590496,1.735381242,0.719818906,1.096935964,1.186782707,1.060023778,1.121213993,0.884376076
1968,0.501498584,0.756576417,0.955504364,0.777780436,0.900910791,1.03710727,1.320993442,1.178571661,0.950060477,0.904466398,1.546011443,0.996968779,0.536486581,0.777780157,1.055419138,0.506275641,0.673145835,0.763009473
1969,0.621063505,0.858206993,1.168110152,1.161768758,1.054073057,1.345761885,1.540491503,0.981853667,1.338367377,1.034666065,1.555825232,1.466761497,0.751014015,0.942334599,1.204458345,0.937036072,0.811675036,0.863608745
1970,0.794463147,0.993160951,0.911354367,1.225794442,1.017956479,1.259052151,1.39984209,0.975563321,1.14430723,1.174858316,1.328956103,1.339767312,0.794199279,1.029623229,0.846215677,0.958937615,0.714173368,0.790603035
1971,0.668534982,1.334924469,0.991117853,0.819433583,1.034212208,1.60209759,1.383623763,1.323246642,1.428396268,1.300022275,1.082415518,1.110099605,0.902387568,1.140030294,1.087235362,0.85282875,1.001777222,1.11938606
1972,0.771106713,1.265080636,0.848994216,1.025876633,0.935806583,1.566922809,1.386632784,1.096535309,1.213563828,1.285402312,1.038046159,1.062541704,1.063152745,1.465960022,0.917173612,1.120552133,1.035402478,1.004837324
1973,0.548053113,0.806047064,0.57317862,0.726822261,0.604738154,1.032485179,0.970123871,0.74554852,0.938681604,0.931569651,0.770103465,0.882932557,0.838155029,0.869165777,0.774838563,0.687879891,0.614222155,0.65685674
1974,0.973505561,0.618978092,0.589207824,0.917682913,0.819117011,1.014193724,1.035750091,0.964641332,0.797976026,1.02464762,0.852258891,0.768699476,0.814081832,0.894449262,0.807519785,0.671905926,0.763954661,0.658773384
1975,1.309668438,0.340370018,0.81222382,0.573470237,1.130516697,1.679787068,1.395615899,1.681629723,1.077848673,1.234630679,1.043994288,1.022159999,0.785557708,0.853329128,0.737051783,0.834151433,1.038291334,0.774054835
1976,1.008574465,0.683265395,0.642335488,0.807734413,0.850238122,1.149406622,0.864492663,1.161787799,0.879153397,1.122302181,0.929044638,1.087283292,0.805034092,0.856733806,1.021726203,0.758634021,0.823725823,0.766996871
1977,0.626546421,0.405229088,0.458787196,0.662250577,0.515780186,0.606590361,0.471779182,0.273175918,0.465136636,0.52356784,0.578725377,0.741123327,0.517203417,0.622278771,0.58234656,0.38883764,0.403964579,0.70440038
1978,0.897553096,0.493591753,0.775734865,0.773053381,0.891775058,0.928405569,0.783275029,0.881407427,0.704967577,1.071904728,0.88239791,0.884070093,0.957996417,0.656333377,0.943428446,0.504310729,0.626677062,0.785176151
1979,1.328567452,0.965568911,0.734473073,0.866388255,0.815004291,0.948027197,0.847319347,0.810573171,0.890912149,1.114944287,1.049492604,1.071649369,1.135097308,0.903575036,0.871987677,0.767751967,0.788129709,1.0296501
1980,1.109970298,0.762250864,1.408168615,0.782230727,0.902137604,1.253335704,0.849065134,1.403879905,0.87223658,0.636735641,1.282035392,1.161072296,0.953743649,1.168208806,1.351766914,0.934016371,0.768092297,1.490489245
1981,1.685619683,1.335833494,1.524175073,1.358106629,1.29530639,2.113434983,1.267483858,1.789124056,1.459429171,2.156532696,1.964788072,1.860952052,1.670583071,1.591909259,2.012020667,1.666488286,1.392478287,1.837069035
1982,1.080763324,1.050967507,0.897183863,0.937485709,0.95015506,1.145354074,0.930209367,1.274226098,0.86656751,1.157783119,1.080240607,1.027731006,1.0823869,0.79536717,1.365157467,0.878826859,0.877196198,0.769684144
1983,1.424133253,1.24329291,1.647007188,1.058330836,1.211478428,1.910026076,1.165279121,1.514032066,1.156917083,1.455925195,1.596176528,1.457023346,1.922388366,1.155264006,1.791042647,1.646739013,1.25114607,1.252080431
1984,2.12141656,1.779857116,1.704740374,1.751415905,1.583990987,2.222685955,1.441426669,2.844270045,1.863373185,2.31042512,1.720409797,1.86834804,2.429623984,1.853276548,1.573503599,2.496125815,1.697981311,1.750300158
1985,0.96458969,0.891379501,0.836638309,0.803410892,0.862925927,1.081550525,0.830168316,1.179650103,0.739597517,1.055968066,0.714053985,0.764147972,0.778485891,0.892214728,0.835073807,0.83907878,0.816899713,0.700929191
1986,0.713461792,0.717612498,1.167165542,0.989446599,0.951733651,1.21812507,0.874413491,1.512299217,0.831609391,1.232557517,0.917830943,0.93027657,1.148652076,1.042319821,1.106665711,0.960926369,0.987803147,0.764853749
1987,0.890338231,1.15579925,1.223411309,1.247964911,1.125305276,1.375038146,0.837947624,1.290944232,0.945764396,1.133432207,0.865358904,1.210922191,1.21845095,1.202892002,1.086515481,1.22807928,1.049183698,0.89774429
1988,1.202938617,1.30827358,1.020575031,0.942487374,1.167251877,1.121283526,0.716016007,1.11588875,1.084941366,1.235681495,0.942970386,1.361446298,1.207175252,1.178249938,1.010239192,1.154574245,1.117820828,1.273402222
1989,0.981659017,1.315044611,0.776265,0.814676961,0.923877167,0.821894184,0.694191932,0.834872905,0.84726445,0.922689607,0.636161658,0.812352851,0.875627064,0.911972868,0.920425535,0.776079956,0.82878817,1.032183425
1990,1.216375442,1.347224623,1.005602982,0.82775426,1.096516804,0.852377785,0.8368341,0.929568183,0.959664957,1.341877573,0.860397263,1.171871679,0.828593187,0.86918446,0.89301487,0.998266094,1.147841012,1.671555588
1991,1.424666677,1.464453443,0.995639426,1.31242273,1.021499705,0.738061528,0.883072335,0.797922071,1.145099809,1.33512575,0.938916169,1.054317156,1.527239541,0.995747873,0.8725852,1.265517261,1.008426873,1.624557932
1992,1.228711482,1.252869298,1.16119501,1.001744476,0.88201633,0.621602439,0.761012984,0.713509636,0.806557306,0.769215118,0.84949175,0.990269367,0.948208597,0.634044236,0.673304987,0.787721996,1.180745277,1.167906304
1993,1.188352837,1.035440049,0.696967929,1.32725421,0.743476292,0.519621662,0.646108633,0.416546992,0.980591198,0.683060254,0.63337767,0.911932146,0.405191281,0.705616571,0.604222303,0.548529067,0.907344532,1.010508199
1994,1.55727513,1.174176764,1.001879916,1.774960872,1.021457812,0.71889906,0.822698328,0.724309496,1.267925948,1.010356746,1.087972622,1.291194069,0.53392007,1.079734503,0.762246776,0.900940318,1.042680307,1.202211313
1995,1.135968759,1.126520657,1.085883709,1.078991289,1.085003481,0.806287262,1.059770141,0.761349558,1.017864681,0.557705254,1.04527394,0.872363089,0.651200161,0.876538745,0.713161125,0.82511973,0.92973261,0.835428911
1996,1.188145129,1.471469704,1.299881401,1.312034435,1.386587539,0.923292562,1.16690446,0.880548237,1.261306389,0.909752011,1.175363605,1.225874948,1.02686585,1.259096792,0.980715324,1.437011249,1.323125385,1.220089822
1997,1.002288632,1.227348368,1.235251151,1.154704318,1.1722831,0.96320833,1.036499595,0.724834301,1.158416335,0.881518249,0.923589228,0.98253379,1.083991198,1.024738548,0.938125492,1.127114425,1.315573473,1.094807681
1998,1.375375576,1.545582129,1.416902154,1.634757193,1.677604525,1.383914421,1.461004653,1.056418965,1.609295547,1.280483124,1.174677527,1.468886358,1.961961614,1.754955051,1.136115835,1.608858682,2.2526414,1.50999523
1999,1.050999352,1.15319891,0.945101835,1.11992625,1.468659341,0.960742851,1.285252816,1.13821616,1.189637092,1.097182612,0.834010806,0.903358936,1.19837823,1.243664254,0.776216724,1.178546786,1.21927879,0.938393653
2000,0.759401749,0.966091203,0.77552665,0.908575858,1.334707523,0.894384123,1.032431829,0.792542153,0.908595017,1.352318928,0.589673842,0.816808701,1.121143203,0.928909665,0.868874816,0.729257475,1.265000572,0.666628779
2001,0.556601656,0.708994189,0.515368335,0.645262201,0.640952586,0.391384232,0.582635733,0.384839905,0.628115323,0.605136784,0.412559408,0.397936374,0.765720849,0.651623194,0.550156785,0.641737065,0.590242371,0.581116081
2002,0.612428253,0.854949947,0.942549567,0.784097513,0.947766921,0.590974598,0.887566534,0.948403369,0.856772635,0.967542175,0.692908285,0.626802345,0.861622857,0.64774806,0.717991362,0.831970107,0.885481029,0.486554721
2003,0.922624169,0.86685659,1.033109193,1.09002111,1.320182923,0.858042099,0.965500584,1.132565429,1.083620343,0.884431113,0.73722188,0.751227626,1.464813095,1.086581145,1.023540387,0.948991297,0.874986716,0.755081846
2004,0.688716941,1.059047523,1.220767258,0.751649689,1.053870698,0.846822444,1.290827999,1.062423498,0.870665762,0.914561784,0.903076201,0.614789154,1.392465706,1.061730659,0.945553838,0.805895821,1.048372138,0.6460377
2005,0.847913447,1.070702688,0.942640062,1.090963288,1.112830153,0.829000835,1.312853027,0.923894949,1.151829814,0.807673775,1.130456186,0.568122967,1.024805666,0.960392375,1.12705908,0.89270332,0.948815386,1.017470361
2006,1.013196069,1.276952861,1.027007689,1.072541554,1.164054842,0.788339774,1.120470064,1.017975653,1.064223902,1.136737778,1.009618591,0.677154083,1.478693663,0.969163193,1.120103445,1.235950576,0.997829057,1.222641736
2007,0.580485033,0.843215022,0.71977876,0.594542413,0.886441671,0.633316452,0.977213502,0.698798048,0.765452502,0.826836972,0.663124215,0.336024864,0.962717311,0.759977141,0.812180212,0.84830256,0.671818477,0.631429052
2008,0.696287996,0.916485238,0.691826174,0.700629957,0.913088571,0.718851497,1.047956128,0.847891074,0.888648576,0.70994506,0.733542575,0.536505846,1.247144094,0.897414793,0.776270947,0.87993353,0.857388329,0.790823949
2009,0.664629218,0.627164364,0.586892303,0.656084227,0.741936045,0.592264965,0.882797138,0.523951744,0.795133845,0.597669825,0.556984184,0.564252776,0.802431727,0.761002237,0.766269378,0.714240473,0.565801133,0.744340427
2010,0.928878364,1.047114435,1.478156914,0.946394956,1.112812528,1.473378617,1.082687984,1.001364078,1.011824253,0.922145255,1.03298582,0.464567465,1.723412525,0.984636228,1.314159962,1.151024733,1.018848448,1.176721431
2011,1.209172756,1.026258489,1.29385954,1.187341493,0.607642968,1.200228697,1.276968755,0.96794335,1.000947169,1.245060827,1.275806744,0.447148446,1.448122537,1.277445212,1.31059581,1.514817273,1.207577739,1.355513339
2012,1.071096548,0.620208456,0.803020763,1.015877092,0.457564185,0.64842705,0.921736423,0.5612659,0.526208253,0.760362866,1.122371395,0.996238668,0.557116427,0.672577474,1.170842523,1.212649372,0.839401864,0.722099019
2013,0.995602345,0.435400885,0.658020399,1.012956253,0.357883179,0.787521756,0.725466106,0.638321994,0.601832954,0.714904286,1.040640175,0.499427344,0.166607434,0.804484781,1.151412624,1.37636638,0.64408807,0.807809532
2014,1.08880607,0.451368522,1.32676189,1.291144765,0.750137283,1.128729565,0.852401023,1.827021365,0.842365067,0.843334636,0.929009084,0.251362386,0.416284487,1.211805736,0.981851827,1.489199741,0.802434786,1.064163505
